2026-08-08 21:32:41 - Report: sales_by_customer
SQL: SELECT c.id, c.name as customer_name, c.phone, COUNT(i.id) as invoice_count,
                                 SUM(i.total_amount - COALESCE(CASE WHEN i.global_discount_type = '%' THEN (i.total_amount * i.global_discount_val / 100) ELSE i.global_discount_val END, 0) + COALESCE(i.tax_amount, 0)) as total_sales,
                                 COALESCE((SELECT SUM(amount) FROM customer_payments WHERE customer_id = c.id AND status = 'Active'), 0) as paid_amount,
                                 (COALESCE(c.opening_balance, 0) + 
                                  COALESCE((SELECT SUM(total_amount - COALESCE(CASE WHEN global_discount_type = '%' THEN (total_amount * global_discount_val / 100) ELSE global_discount_val END, 0) + COALESCE(tax_amount, 0)) FROM invoices WHERE customer_id = c.id AND status != 'Voided'), 0) - 
                                  COALESCE((SELECT SUM(amount) FROM customer_payments WHERE customer_id = c.id AND status = 'Active'), 0) - 
                                  COALESCE((SELECT SUM(total_amount) FROM credit_notes WHERE customer_id = c.id), 0)) as outstanding,
                                 i.customer_id, i.created_by, i.rep_route_id, c.territory, c.customer_type
                          FROM invoices i
                          JOIN customers c ON i.customer_id = c.id
                          WHERE i.status != 'Voided'  AND i.invoice_date >= :start_date AND i.invoice_date <= :end_date
                          GROUP BY c.id, c.name, c.phone, c.territory, c.customer_type
Params: Array
(
    [:start_date] => 2020-01-01 00:00:00
    [:end_date] => 2030-12-31 23:59:59
)


2026-08-08 21:32:41 - Report: sales_by_item
SQL: SELECT COALESCE(ii.description, 'Uncategorized/No Item') as item_name, SUM(COALESCE(ii.quantity, 0)) as total_qty,
                                 SUM(
                                     COALESCE(
                                         (ii.total / NULLIF((SELECT SUM(total) FROM invoice_items WHERE invoice_id = i.id), 0)) 
                                         * (i.total_amount - COALESCE(CASE WHEN i.global_discount_type = '%' THEN (i.total_amount * i.global_discount_val / 100) ELSE i.global_discount_val END, 0) + COALESCE(i.tax_amount, 0)), 
                                         (i.total_amount - COALESCE(CASE WHEN i.global_discount_type = '%' THEN (i.total_amount * i.global_discount_val / 100) ELSE i.global_discount_val END, 0) + COALESCE(i.tax_amount, 0))
                                     )
                                 ) as total_revenue,
                                 SUM(COALESCE(ii.quantity, 0) * COALESCE(ii.cost_at_sale, 0)) as total_cost,
                                 SUM(
                                     COALESCE(
                                         (ii.total / NULLIF((SELECT SUM(total) FROM invoice_items WHERE invoice_id = i.id), 0)) 
                                         * (i.total_amount - COALESCE(CASE WHEN i.global_discount_type = '%' THEN (i.total_amount * i.global_discount_val / 100) ELSE i.global_discount_val END, 0)), 
                                         (i.total_amount - COALESCE(CASE WHEN i.global_discount_type = '%' THEN (i.total_amount * i.global_discount_val / 100) ELSE i.global_discount_val END, 0))
                                     )
                                     - (COALESCE(ii.quantity, 0) * COALESCE(ii.cost_at_sale, 0))
                                 ) as gross_profit,
                                 ii.item_id, it.category_id, it.brand
                           FROM invoices i
                           LEFT JOIN invoice_items ii ON ii.invoice_id = i.id
                           JOIN customers c ON i.customer_id = c.id
                           LEFT JOIN items it ON ii.item_id = it.id
                           WHERE i.status != 'Voided'  AND i.invoice_date >= :start_date AND i.invoice_date <= :end_date
                           GROUP BY ii.description, ii.item_id, it.category_id, it.brand
Params: Array
(
    [:start_date] => 2020-01-01 00:00:00
    [:end_date] => 2030-12-31 23:59:59
)


2026-08-08 21:34:20 - Report: sales_by_customer
SQL: SELECT c.id, c.name as customer_name, c.phone, COUNT(i.id) as invoice_count,
                                 SUM(i.total_amount - COALESCE(CASE WHEN i.global_discount_type = '%' THEN (i.total_amount * i.global_discount_val / 100) ELSE i.global_discount_val END, 0) + COALESCE(i.tax_amount, 0)) as total_sales,
                                 COALESCE((SELECT SUM(amount) FROM customer_payments WHERE customer_id = c.id AND status = 'Active'), 0) as paid_amount,
                                 (COALESCE(c.opening_balance, 0) + 
                                  COALESCE((SELECT SUM(total_amount - COALESCE(CASE WHEN global_discount_type = '%' THEN (total_amount * global_discount_val / 100) ELSE global_discount_val END, 0) + COALESCE(tax_amount, 0)) FROM invoices WHERE customer_id = c.id AND status != 'Voided'), 0) - 
                                  COALESCE((SELECT SUM(amount) FROM customer_payments WHERE customer_id = c.id AND status = 'Active'), 0) - 
                                  COALESCE((SELECT SUM(total_amount) FROM credit_notes WHERE customer_id = c.id), 0)) as outstanding,
                                 i.customer_id, i.created_by, i.rep_route_id, c.territory, c.customer_type
                          FROM invoices i
                          JOIN customers c ON i.customer_id = c.id
                          WHERE i.status != 'Voided'  AND i.invoice_date >= :start_date AND i.invoice_date <= :end_date
                          GROUP BY c.id, c.name, c.phone, c.territory, c.customer_type
Params: Array
(
    [:start_date] => 2026-08-01 00:00:00
    [:end_date] => 2026-08-31 23:59:59
)


2026-08-08 21:34:20 - Report: sales_by_item
SQL: SELECT COALESCE(ii.description, 'Uncategorized/No Item') as item_name, SUM(COALESCE(ii.quantity, 0)) as total_qty,
                                 SUM(
                                     COALESCE(
                                         (ii.total / NULLIF((SELECT SUM(total) FROM invoice_items WHERE invoice_id = i.id), 0)) 
                                         * (i.total_amount - COALESCE(CASE WHEN i.global_discount_type = '%' THEN (i.total_amount * i.global_discount_val / 100) ELSE i.global_discount_val END, 0) + COALESCE(i.tax_amount, 0)), 
                                         (i.total_amount - COALESCE(CASE WHEN i.global_discount_type = '%' THEN (i.total_amount * i.global_discount_val / 100) ELSE i.global_discount_val END, 0) + COALESCE(i.tax_amount, 0))
                                     )
                                 ) as total_revenue,
                                 SUM(COALESCE(ii.quantity, 0) * COALESCE(ii.cost_at_sale, 0)) as total_cost,
                                 SUM(
                                     COALESCE(
                                         (ii.total / NULLIF((SELECT SUM(total) FROM invoice_items WHERE invoice_id = i.id), 0)) 
                                         * (i.total_amount - COALESCE(CASE WHEN i.global_discount_type = '%' THEN (i.total_amount * i.global_discount_val / 100) ELSE i.global_discount_val END, 0)), 
                                         (i.total_amount - COALESCE(CASE WHEN i.global_discount_type = '%' THEN (i.total_amount * i.global_discount_val / 100) ELSE i.global_discount_val END, 0))
                                     )
                                     - (COALESCE(ii.quantity, 0) * COALESCE(ii.cost_at_sale, 0))
                                 ) as gross_profit,
                                 ii.item_id, it.category_id, it.brand
                           FROM invoices i
                           LEFT JOIN invoice_items ii ON ii.invoice_id = i.id
                           JOIN customers c ON i.customer_id = c.id
                           LEFT JOIN items it ON ii.item_id = it.id
                           WHERE i.status != 'Voided'  AND i.invoice_date >= :start_date AND i.invoice_date <= :end_date
                           GROUP BY ii.description, ii.item_id, it.category_id, it.brand
Params: Array
(
    [:start_date] => 2026-08-01 00:00:00
    [:end_date] => 2026-08-31 23:59:59
)


2026-08-08 21:34:45 - Report: sales_by_customer
SQL: SELECT c.id, c.name as customer_name, c.phone, COUNT(i.id) as invoice_count,
                                 SUM(i.total_amount - COALESCE(CASE WHEN i.global_discount_type = '%' THEN (i.total_amount * i.global_discount_val / 100) ELSE i.global_discount_val END, 0) + COALESCE(i.tax_amount, 0)) as total_sales,
                                 COALESCE((SELECT SUM(amount) FROM customer_payments WHERE customer_id = c.id AND status = 'Active'), 0) as paid_amount,
                                 (COALESCE(c.opening_balance, 0) + 
                                  COALESCE((SELECT SUM(total_amount - COALESCE(CASE WHEN global_discount_type = '%' THEN (total_amount * global_discount_val / 100) ELSE global_discount_val END, 0) + COALESCE(tax_amount, 0)) FROM invoices WHERE customer_id = c.id AND status != 'Voided'), 0) - 
                                  COALESCE((SELECT SUM(amount) FROM customer_payments WHERE customer_id = c.id AND status = 'Active'), 0) - 
                                  COALESCE((SELECT SUM(total_amount) FROM credit_notes WHERE customer_id = c.id), 0)) as outstanding,
                                 i.customer_id, i.created_by, i.rep_route_id, c.territory, c.customer_type
                          FROM invoices i
                          JOIN customers c ON i.customer_id = c.id
                          WHERE i.status != 'Voided'  AND i.invoice_date >= :start_date AND i.invoice_date <= :end_date
                          GROUP BY c.id, c.name, c.phone, c.territory, c.customer_type
Params: Array
(
    [:start_date] => 2026-08-01 00:00:00
    [:end_date] => 2026-08-31 23:59:59
)


2026-08-08 21:34:45 - Report: sales_by_item
SQL: SELECT COALESCE(ii.description, 'Uncategorized/No Item') as item_name, SUM(COALESCE(ii.quantity, 0)) as total_qty,
                                 SUM(
                                     COALESCE(
                                         (ii.total / NULLIF((SELECT SUM(total) FROM invoice_items WHERE invoice_id = i.id), 0)) 
                                         * (i.total_amount - COALESCE(CASE WHEN i.global_discount_type = '%' THEN (i.total_amount * i.global_discount_val / 100) ELSE i.global_discount_val END, 0) + COALESCE(i.tax_amount, 0)), 
                                         (i.total_amount - COALESCE(CASE WHEN i.global_discount_type = '%' THEN (i.total_amount * i.global_discount_val / 100) ELSE i.global_discount_val END, 0) + COALESCE(i.tax_amount, 0))
                                     )
                                 ) as total_revenue,
                                 SUM(COALESCE(ii.quantity, 0) * COALESCE(ii.cost_at_sale, 0)) as total_cost,
                                 SUM(
                                     COALESCE(
                                         (ii.total / NULLIF((SELECT SUM(total) FROM invoice_items WHERE invoice_id = i.id), 0)) 
                                         * (i.total_amount - COALESCE(CASE WHEN i.global_discount_type = '%' THEN (i.total_amount * i.global_discount_val / 100) ELSE i.global_discount_val END, 0)), 
                                         (i.total_amount - COALESCE(CASE WHEN i.global_discount_type = '%' THEN (i.total_amount * i.global_discount_val / 100) ELSE i.global_discount_val END, 0))
                                     )
                                     - (COALESCE(ii.quantity, 0) * COALESCE(ii.cost_at_sale, 0))
                                 ) as gross_profit,
                                 ii.item_id, it.category_id, it.brand
                           FROM invoices i
                           LEFT JOIN invoice_items ii ON ii.invoice_id = i.id
                           JOIN customers c ON i.customer_id = c.id
                           LEFT JOIN items it ON ii.item_id = it.id
                           WHERE i.status != 'Voided'  AND i.invoice_date >= :start_date AND i.invoice_date <= :end_date
                           GROUP BY ii.description, ii.item_id, it.category_id, it.brand
Params: Array
(
    [:start_date] => 2026-08-01 00:00:00
    [:end_date] => 2026-08-31 23:59:59
)


2026-08-08 21:35:10 - Report: sales_by_customer
SQL: SELECT c.id, c.name as customer_name, c.phone, COUNT(i.id) as invoice_count,
                                 SUM(i.total_amount - COALESCE(CASE WHEN i.global_discount_type = '%' THEN (i.total_amount * i.global_discount_val / 100) ELSE i.global_discount_val END, 0) + COALESCE(i.tax_amount, 0)) as total_sales,
                                 COALESCE((SELECT SUM(amount) FROM customer_payments WHERE customer_id = c.id AND status = 'Active'), 0) as paid_amount,
                                 (COALESCE(c.opening_balance, 0) + 
                                  COALESCE((SELECT SUM(total_amount - COALESCE(CASE WHEN global_discount_type = '%' THEN (total_amount * global_discount_val / 100) ELSE global_discount_val END, 0) + COALESCE(tax_amount, 0)) FROM invoices WHERE customer_id = c.id AND status != 'Voided'), 0) - 
                                  COALESCE((SELECT SUM(amount) FROM customer_payments WHERE customer_id = c.id AND status = 'Active'), 0) - 
                                  COALESCE((SELECT SUM(total_amount) FROM credit_notes WHERE customer_id = c.id), 0)) as outstanding,
                                 i.customer_id, i.created_by, i.rep_route_id, c.territory, c.customer_type
                          FROM invoices i
                          JOIN customers c ON i.customer_id = c.id
                          WHERE i.status != 'Voided'  AND i.invoice_date >= :start_date AND i.invoice_date <= :end_date
                          GROUP BY c.id, c.name, c.phone, c.territory, c.customer_type
Params: Array
(
    [:start_date] => 2026-08-01 00:00:00
    [:end_date] => 2026-08-31 23:59:59
)


2026-08-08 21:36:16 - Report: sales_by_customer
SQL: SELECT c.id, c.name as customer_name, c.phone, COUNT(i.id) as invoice_count,
                                 SUM(i.total_amount - COALESCE(CASE WHEN i.global_discount_type = '%' THEN (i.total_amount * i.global_discount_val / 100) ELSE i.global_discount_val END, 0) + COALESCE(i.tax_amount, 0)) as total_sales,
                                 COALESCE((SELECT SUM(amount) FROM customer_payments WHERE customer_id = c.id AND status = 'Active'), 0) as paid_amount,
                                 (COALESCE(c.opening_balance, 0) + 
                                  COALESCE((SELECT SUM(total_amount - COALESCE(CASE WHEN global_discount_type = '%' THEN (total_amount * global_discount_val / 100) ELSE global_discount_val END, 0) + COALESCE(tax_amount, 0)) FROM invoices WHERE customer_id = c.id AND status != 'Voided'), 0) - 
                                  COALESCE((SELECT SUM(amount) FROM customer_payments WHERE customer_id = c.id AND status = 'Active'), 0) - 
                                  COALESCE((SELECT SUM(total_amount) FROM credit_notes WHERE customer_id = c.id), 0)) as outstanding,
                                 i.customer_id, i.created_by, i.rep_route_id, c.territory, c.customer_type
                          FROM invoices i
                          JOIN customers c ON i.customer_id = c.id
                          WHERE i.status != 'Voided'  AND i.invoice_date >= :start_date AND i.invoice_date <= :end_date AND i.customer_id = :customer
                          GROUP BY c.id, c.name, c.phone, c.territory, c.customer_type
Params: Array
(
    [:start_date] => 2026-08-01 00:00:00
    [:end_date] => 2026-08-31 23:59:59
    [:customer] => 1
)


2026-08-08 21:36:16 - Report: sales_by_item
SQL: SELECT COALESCE(ii.description, 'Uncategorized/No Item') as item_name, SUM(COALESCE(ii.quantity, 0)) as total_qty,
                                 SUM(
                                     COALESCE(
                                         (ii.total / NULLIF((SELECT SUM(total) FROM invoice_items WHERE invoice_id = i.id), 0)) 
                                         * (i.total_amount - COALESCE(CASE WHEN i.global_discount_type = '%' THEN (i.total_amount * i.global_discount_val / 100) ELSE i.global_discount_val END, 0) + COALESCE(i.tax_amount, 0)), 
                                         (i.total_amount - COALESCE(CASE WHEN i.global_discount_type = '%' THEN (i.total_amount * i.global_discount_val / 100) ELSE i.global_discount_val END, 0) + COALESCE(i.tax_amount, 0))
                                     )
                                 ) as total_revenue,
                                 SUM(COALESCE(ii.quantity, 0) * COALESCE(ii.cost_at_sale, 0)) as total_cost,
                                 SUM(
                                     COALESCE(
                                         (ii.total / NULLIF((SELECT SUM(total) FROM invoice_items WHERE invoice_id = i.id), 0)) 
                                         * (i.total_amount - COALESCE(CASE WHEN i.global_discount_type = '%' THEN (i.total_amount * i.global_discount_val / 100) ELSE i.global_discount_val END, 0)), 
                                         (i.total_amount - COALESCE(CASE WHEN i.global_discount_type = '%' THEN (i.total_amount * i.global_discount_val / 100) ELSE i.global_discount_val END, 0))
                                     )
                                     - (COALESCE(ii.quantity, 0) * COALESCE(ii.cost_at_sale, 0))
                                 ) as gross_profit,
                                 ii.item_id, it.category_id, it.brand
                           FROM invoices i
                           LEFT JOIN invoice_items ii ON ii.invoice_id = i.id
                           JOIN customers c ON i.customer_id = c.id
                           LEFT JOIN items it ON ii.item_id = it.id
                           WHERE i.status != 'Voided'  AND i.invoice_date >= :start_date AND i.invoice_date <= :end_date AND i.customer_id = :customer
                           GROUP BY ii.description, ii.item_id, it.category_id, it.brand
Params: Array
(
    [:start_date] => 2026-08-01 00:00:00
    [:end_date] => 2026-08-31 23:59:59
    [:customer] => 1
)


2026-08-08 21:36:33 - Report: sales_by_customer
SQL: SELECT c.id, c.name as customer_name, c.phone, COUNT(i.id) as invoice_count,
                                 SUM(i.total_amount - COALESCE(CASE WHEN i.global_discount_type = '%' THEN (i.total_amount * i.global_discount_val / 100) ELSE i.global_discount_val END, 0) + COALESCE(i.tax_amount, 0)) as total_sales,
                                 COALESCE((SELECT SUM(amount) FROM customer_payments WHERE customer_id = c.id AND status = 'Active'), 0) as paid_amount,
                                 (COALESCE(c.opening_balance, 0) + 
                                  COALESCE((SELECT SUM(total_amount - COALESCE(CASE WHEN global_discount_type = '%' THEN (total_amount * global_discount_val / 100) ELSE global_discount_val END, 0) + COALESCE(tax_amount, 0)) FROM invoices WHERE customer_id = c.id AND status != 'Voided'), 0) - 
                                  COALESCE((SELECT SUM(amount) FROM customer_payments WHERE customer_id = c.id AND status = 'Active'), 0) - 
                                  COALESCE((SELECT SUM(total_amount) FROM credit_notes WHERE customer_id = c.id), 0)) as outstanding,
                                 i.customer_id, i.created_by, i.rep_route_id, c.territory, c.customer_type
                          FROM invoices i
                          JOIN customers c ON i.customer_id = c.id
                          WHERE i.status != 'Voided'  AND i.invoice_date >= :start_date AND i.invoice_date <= :end_date AND i.customer_id = :customer
                          GROUP BY c.id, c.name, c.phone, c.territory, c.customer_type
Params: Array
(
    [:start_date] => 2026-08-01 00:00:00
    [:end_date] => 2026-08-31 23:59:59
    [:customer] => 363366
)


2026-08-08 21:36:33 - Report: sales_by_item
SQL: SELECT COALESCE(ii.description, 'Uncategorized/No Item') as item_name, SUM(COALESCE(ii.quantity, 0)) as total_qty,
                                 SUM(
                                     COALESCE(
                                         (ii.total / NULLIF((SELECT SUM(total) FROM invoice_items WHERE invoice_id = i.id), 0)) 
                                         * (i.total_amount - COALESCE(CASE WHEN i.global_discount_type = '%' THEN (i.total_amount * i.global_discount_val / 100) ELSE i.global_discount_val END, 0) + COALESCE(i.tax_amount, 0)), 
                                         (i.total_amount - COALESCE(CASE WHEN i.global_discount_type = '%' THEN (i.total_amount * i.global_discount_val / 100) ELSE i.global_discount_val END, 0) + COALESCE(i.tax_amount, 0))
                                     )
                                 ) as total_revenue,
                                 SUM(COALESCE(ii.quantity, 0) * COALESCE(ii.cost_at_sale, 0)) as total_cost,
                                 SUM(
                                     COALESCE(
                                         (ii.total / NULLIF((SELECT SUM(total) FROM invoice_items WHERE invoice_id = i.id), 0)) 
                                         * (i.total_amount - COALESCE(CASE WHEN i.global_discount_type = '%' THEN (i.total_amount * i.global_discount_val / 100) ELSE i.global_discount_val END, 0)), 
                                         (i.total_amount - COALESCE(CASE WHEN i.global_discount_type = '%' THEN (i.total_amount * i.global_discount_val / 100) ELSE i.global_discount_val END, 0))
                                     )
                                     - (COALESCE(ii.quantity, 0) * COALESCE(ii.cost_at_sale, 0))
                                 ) as gross_profit,
                                 ii.item_id, it.category_id, it.brand
                           FROM invoices i
                           LEFT JOIN invoice_items ii ON ii.invoice_id = i.id
                           JOIN customers c ON i.customer_id = c.id
                           LEFT JOIN items it ON ii.item_id = it.id
                           WHERE i.status != 'Voided'  AND i.invoice_date >= :start_date AND i.invoice_date <= :end_date AND i.customer_id = :customer
                           GROUP BY ii.description, ii.item_id, it.category_id, it.brand
Params: Array
(
    [:start_date] => 2026-08-01 00:00:00
    [:end_date] => 2026-08-31 23:59:59
    [:customer] => 363366
)


2026-08-08 21:36:33 - Report: sales_by_customer
SQL: SELECT c.id, c.name as customer_name, c.phone, COUNT(i.id) as invoice_count,
                                 SUM(i.total_amount - COALESCE(CASE WHEN i.global_discount_type = '%' THEN (i.total_amount * i.global_discount_val / 100) ELSE i.global_discount_val END, 0) + COALESCE(i.tax_amount, 0)) as total_sales,
                                 COALESCE((SELECT SUM(amount) FROM customer_payments WHERE customer_id = c.id AND status = 'Active'), 0) as paid_amount,
                                 (COALESCE(c.opening_balance, 0) + 
                                  COALESCE((SELECT SUM(total_amount - COALESCE(CASE WHEN global_discount_type = '%' THEN (total_amount * global_discount_val / 100) ELSE global_discount_val END, 0) + COALESCE(tax_amount, 0)) FROM invoices WHERE customer_id = c.id AND status != 'Voided'), 0) - 
                                  COALESCE((SELECT SUM(amount) FROM customer_payments WHERE customer_id = c.id AND status = 'Active'), 0) - 
                                  COALESCE((SELECT SUM(total_amount) FROM credit_notes WHERE customer_id = c.id), 0)) as outstanding,
                                 i.customer_id, i.created_by, i.rep_route_id, c.territory, c.customer_type
                          FROM invoices i
                          JOIN customers c ON i.customer_id = c.id
                          WHERE i.status != 'Voided'  AND i.invoice_date >= :start_date AND i.invoice_date <= :end_date AND i.customer_id = :customer
                          GROUP BY c.id, c.name, c.phone, c.territory, c.customer_type
Params: Array
(
    [:start_date] => 2026-08-01 00:00:00
    [:end_date] => 2026-08-31 23:59:59
    [:customer] => 361512
)


2026-08-08 21:36:33 - Report: sales_by_item
SQL: SELECT COALESCE(ii.description, 'Uncategorized/No Item') as item_name, SUM(COALESCE(ii.quantity, 0)) as total_qty,
                                 SUM(
                                     COALESCE(
                                         (ii.total / NULLIF((SELECT SUM(total) FROM invoice_items WHERE invoice_id = i.id), 0)) 
                                         * (i.total_amount - COALESCE(CASE WHEN i.global_discount_type = '%' THEN (i.total_amount * i.global_discount_val / 100) ELSE i.global_discount_val END, 0) + COALESCE(i.tax_amount, 0)), 
                                         (i.total_amount - COALESCE(CASE WHEN i.global_discount_type = '%' THEN (i.total_amount * i.global_discount_val / 100) ELSE i.global_discount_val END, 0) + COALESCE(i.tax_amount, 0))
                                     )
                                 ) as total_revenue,
                                 SUM(COALESCE(ii.quantity, 0) * COALESCE(ii.cost_at_sale, 0)) as total_cost,
                                 SUM(
                                     COALESCE(
                                         (ii.total / NULLIF((SELECT SUM(total) FROM invoice_items WHERE invoice_id = i.id), 0)) 
                                         * (i.total_amount - COALESCE(CASE WHEN i.global_discount_type = '%' THEN (i.total_amount * i.global_discount_val / 100) ELSE i.global_discount_val END, 0)), 
                                         (i.total_amount - COALESCE(CASE WHEN i.global_discount_type = '%' THEN (i.total_amount * i.global_discount_val / 100) ELSE i.global_discount_val END, 0))
                                     )
                                     - (COALESCE(ii.quantity, 0) * COALESCE(ii.cost_at_sale, 0))
                                 ) as gross_profit,
                                 ii.item_id, it.category_id, it.brand
                           FROM invoices i
                           LEFT JOIN invoice_items ii ON ii.invoice_id = i.id
                           JOIN customers c ON i.customer_id = c.id
                           LEFT JOIN items it ON ii.item_id = it.id
                           WHERE i.status != 'Voided'  AND i.invoice_date >= :start_date AND i.invoice_date <= :end_date AND i.customer_id = :customer
                           GROUP BY ii.description, ii.item_id, it.category_id, it.brand
Params: Array
(
    [:start_date] => 2026-08-01 00:00:00
    [:end_date] => 2026-08-31 23:59:59
    [:customer] => 361512
)


2026-08-08 21:36:33 - Report: sales_by_customer
SQL: SELECT c.id, c.name as customer_name, c.phone, COUNT(i.id) as invoice_count,
                                 SUM(i.total_amount - COALESCE(CASE WHEN i.global_discount_type = '%' THEN (i.total_amount * i.global_discount_val / 100) ELSE i.global_discount_val END, 0) + COALESCE(i.tax_amount, 0)) as total_sales,
                                 COALESCE((SELECT SUM(amount) FROM customer_payments WHERE customer_id = c.id AND status = 'Active'), 0) as paid_amount,
                                 (COALESCE(c.opening_balance, 0) + 
                                  COALESCE((SELECT SUM(total_amount - COALESCE(CASE WHEN global_discount_type = '%' THEN (total_amount * global_discount_val / 100) ELSE global_discount_val END, 0) + COALESCE(tax_amount, 0)) FROM invoices WHERE customer_id = c.id AND status != 'Voided'), 0) - 
                                  COALESCE((SELECT SUM(amount) FROM customer_payments WHERE customer_id = c.id AND status = 'Active'), 0) - 
                                  COALESCE((SELECT SUM(total_amount) FROM credit_notes WHERE customer_id = c.id), 0)) as outstanding,
                                 i.customer_id, i.created_by, i.rep_route_id, c.territory, c.customer_type
                          FROM invoices i
                          JOIN customers c ON i.customer_id = c.id
                          WHERE i.status != 'Voided'  AND i.invoice_date >= :start_date AND i.invoice_date <= :end_date AND i.customer_id = :customer
                          GROUP BY c.id, c.name, c.phone, c.territory, c.customer_type
Params: Array
(
    [:start_date] => 2026-08-01 00:00:00
    [:end_date] => 2026-08-31 23:59:59
    [:customer] => 361652
)


2026-08-08 21:36:33 - Report: sales_by_item
SQL: SELECT COALESCE(ii.description, 'Uncategorized/No Item') as item_name, SUM(COALESCE(ii.quantity, 0)) as total_qty,
                                 SUM(
                                     COALESCE(
                                         (ii.total / NULLIF((SELECT SUM(total) FROM invoice_items WHERE invoice_id = i.id), 0)) 
                                         * (i.total_amount - COALESCE(CASE WHEN i.global_discount_type = '%' THEN (i.total_amount * i.global_discount_val / 100) ELSE i.global_discount_val END, 0) + COALESCE(i.tax_amount, 0)), 
                                         (i.total_amount - COALESCE(CASE WHEN i.global_discount_type = '%' THEN (i.total_amount * i.global_discount_val / 100) ELSE i.global_discount_val END, 0) + COALESCE(i.tax_amount, 0))
                                     )
                                 ) as total_revenue,
                                 SUM(COALESCE(ii.quantity, 0) * COALESCE(ii.cost_at_sale, 0)) as total_cost,
                                 SUM(
                                     COALESCE(
                                         (ii.total / NULLIF((SELECT SUM(total) FROM invoice_items WHERE invoice_id = i.id), 0)) 
                                         * (i.total_amount - COALESCE(CASE WHEN i.global_discount_type = '%' THEN (i.total_amount * i.global_discount_val / 100) ELSE i.global_discount_val END, 0)), 
                                         (i.total_amount - COALESCE(CASE WHEN i.global_discount_type = '%' THEN (i.total_amount * i.global_discount_val / 100) ELSE i.global_discount_val END, 0))
                                     )
                                     - (COALESCE(ii.quantity, 0) * COALESCE(ii.cost_at_sale, 0))
                                 ) as gross_profit,
                                 ii.item_id, it.category_id, it.brand
                           FROM invoices i
                           LEFT JOIN invoice_items ii ON ii.invoice_id = i.id
                           JOIN customers c ON i.customer_id = c.id
                           LEFT JOIN items it ON ii.item_id = it.id
                           WHERE i.status != 'Voided'  AND i.invoice_date >= :start_date AND i.invoice_date <= :end_date AND i.customer_id = :customer
                           GROUP BY ii.description, ii.item_id, it.category_id, it.brand
Params: Array
(
    [:start_date] => 2026-08-01 00:00:00
    [:end_date] => 2026-08-31 23:59:59
    [:customer] => 361652
)


2026-08-08 21:36:33 - Report: sales_by_customer
SQL: SELECT c.id, c.name as customer_name, c.phone, COUNT(i.id) as invoice_count,
                                 SUM(i.total_amount - COALESCE(CASE WHEN i.global_discount_type = '%' THEN (i.total_amount * i.global_discount_val / 100) ELSE i.global_discount_val END, 0) + COALESCE(i.tax_amount, 0)) as total_sales,
                                 COALESCE((SELECT SUM(amount) FROM customer_payments WHERE customer_id = c.id AND status = 'Active'), 0) as paid_amount,
                                 (COALESCE(c.opening_balance, 0) + 
                                  COALESCE((SELECT SUM(total_amount - COALESCE(CASE WHEN global_discount_type = '%' THEN (total_amount * global_discount_val / 100) ELSE global_discount_val END, 0) + COALESCE(tax_amount, 0)) FROM invoices WHERE customer_id = c.id AND status != 'Voided'), 0) - 
                                  COALESCE((SELECT SUM(amount) FROM customer_payments WHERE customer_id = c.id AND status = 'Active'), 0) - 
                                  COALESCE((SELECT SUM(total_amount) FROM credit_notes WHERE customer_id = c.id), 0)) as outstanding,
                                 i.customer_id, i.created_by, i.rep_route_id, c.territory, c.customer_type
                          FROM invoices i
                          JOIN customers c ON i.customer_id = c.id
                          WHERE i.status != 'Voided'  AND i.invoice_date >= :start_date AND i.invoice_date <= :end_date AND i.customer_id = :customer
                          GROUP BY c.id, c.name, c.phone, c.territory, c.customer_type
Params: Array
(
    [:start_date] => 2026-08-01 00:00:00
    [:end_date] => 2026-08-31 23:59:59
    [:customer] => 363280
)


2026-08-08 21:36:33 - Report: sales_by_item
SQL: SELECT COALESCE(ii.description, 'Uncategorized/No Item') as item_name, SUM(COALESCE(ii.quantity, 0)) as total_qty,
                                 SUM(
                                     COALESCE(
                                         (ii.total / NULLIF((SELECT SUM(total) FROM invoice_items WHERE invoice_id = i.id), 0)) 
                                         * (i.total_amount - COALESCE(CASE WHEN i.global_discount_type = '%' THEN (i.total_amount * i.global_discount_val / 100) ELSE i.global_discount_val END, 0) + COALESCE(i.tax_amount, 0)), 
                                         (i.total_amount - COALESCE(CASE WHEN i.global_discount_type = '%' THEN (i.total_amount * i.global_discount_val / 100) ELSE i.global_discount_val END, 0) + COALESCE(i.tax_amount, 0))
                                     )
                                 ) as total_revenue,
                                 SUM(COALESCE(ii.quantity, 0) * COALESCE(ii.cost_at_sale, 0)) as total_cost,
                                 SUM(
                                     COALESCE(
                                         (ii.total / NULLIF((SELECT SUM(total) FROM invoice_items WHERE invoice_id = i.id), 0)) 
                                         * (i.total_amount - COALESCE(CASE WHEN i.global_discount_type = '%' THEN (i.total_amount * i.global_discount_val / 100) ELSE i.global_discount_val END, 0)), 
                                         (i.total_amount - COALESCE(CASE WHEN i.global_discount_type = '%' THEN (i.total_amount * i.global_discount_val / 100) ELSE i.global_discount_val END, 0))
                                     )
                                     - (COALESCE(ii.quantity, 0) * COALESCE(ii.cost_at_sale, 0))
                                 ) as gross_profit,
                                 ii.item_id, it.category_id, it.brand
                           FROM invoices i
                           LEFT JOIN invoice_items ii ON ii.invoice_id = i.id
                           JOIN customers c ON i.customer_id = c.id
                           LEFT JOIN items it ON ii.item_id = it.id
                           WHERE i.status != 'Voided'  AND i.invoice_date >= :start_date AND i.invoice_date <= :end_date AND i.customer_id = :customer
                           GROUP BY ii.description, ii.item_id, it.category_id, it.brand
Params: Array
(
    [:start_date] => 2026-08-01 00:00:00
    [:end_date] => 2026-08-31 23:59:59
    [:customer] => 363280
)


2026-08-08 21:36:33 - Report: sales_by_customer
SQL: SELECT c.id, c.name as customer_name, c.phone, COUNT(i.id) as invoice_count,
                                 SUM(i.total_amount - COALESCE(CASE WHEN i.global_discount_type = '%' THEN (i.total_amount * i.global_discount_val / 100) ELSE i.global_discount_val END, 0) + COALESCE(i.tax_amount, 0)) as total_sales,
                                 COALESCE((SELECT SUM(amount) FROM customer_payments WHERE customer_id = c.id AND status = 'Active'), 0) as paid_amount,
                                 (COALESCE(c.opening_balance, 0) + 
                                  COALESCE((SELECT SUM(total_amount - COALESCE(CASE WHEN global_discount_type = '%' THEN (total_amount * global_discount_val / 100) ELSE global_discount_val END, 0) + COALESCE(tax_amount, 0)) FROM invoices WHERE customer_id = c.id AND status != 'Voided'), 0) - 
                                  COALESCE((SELECT SUM(amount) FROM customer_payments WHERE customer_id = c.id AND status = 'Active'), 0) - 
                                  COALESCE((SELECT SUM(total_amount) FROM credit_notes WHERE customer_id = c.id), 0)) as outstanding,
                                 i.customer_id, i.created_by, i.rep_route_id, c.territory, c.customer_type
                          FROM invoices i
                          JOIN customers c ON i.customer_id = c.id
                          WHERE i.status != 'Voided'  AND i.invoice_date >= :start_date AND i.invoice_date <= :end_date AND i.customer_id = :customer
                          GROUP BY c.id, c.name, c.phone, c.territory, c.customer_type
Params: Array
(
    [:start_date] => 2026-08-01 00:00:00
    [:end_date] => 2026-08-31 23:59:59
    [:customer] => 363281
)


2026-08-08 21:36:33 - Report: sales_by_item
SQL: SELECT COALESCE(ii.description, 'Uncategorized/No Item') as item_name, SUM(COALESCE(ii.quantity, 0)) as total_qty,
                                 SUM(
                                     COALESCE(
                                         (ii.total / NULLIF((SELECT SUM(total) FROM invoice_items WHERE invoice_id = i.id), 0)) 
                                         * (i.total_amount - COALESCE(CASE WHEN i.global_discount_type = '%' THEN (i.total_amount * i.global_discount_val / 100) ELSE i.global_discount_val END, 0) + COALESCE(i.tax_amount, 0)), 
                                         (i.total_amount - COALESCE(CASE WHEN i.global_discount_type = '%' THEN (i.total_amount * i.global_discount_val / 100) ELSE i.global_discount_val END, 0) + COALESCE(i.tax_amount, 0))
                                     )
                                 ) as total_revenue,
                                 SUM(COALESCE(ii.quantity, 0) * COALESCE(ii.cost_at_sale, 0)) as total_cost,
                                 SUM(
                                     COALESCE(
                                         (ii.total / NULLIF((SELECT SUM(total) FROM invoice_items WHERE invoice_id = i.id), 0)) 
                                         * (i.total_amount - COALESCE(CASE WHEN i.global_discount_type = '%' THEN (i.total_amount * i.global_discount_val / 100) ELSE i.global_discount_val END, 0)), 
                                         (i.total_amount - COALESCE(CASE WHEN i.global_discount_type = '%' THEN (i.total_amount * i.global_discount_val / 100) ELSE i.global_discount_val END, 0))
                                     )
                                     - (COALESCE(ii.quantity, 0) * COALESCE(ii.cost_at_sale, 0))
                                 ) as gross_profit,
                                 ii.item_id, it.category_id, it.brand
                           FROM invoices i
                           LEFT JOIN invoice_items ii ON ii.invoice_id = i.id
                           JOIN customers c ON i.customer_id = c.id
                           LEFT JOIN items it ON ii.item_id = it.id
                           WHERE i.status != 'Voided'  AND i.invoice_date >= :start_date AND i.invoice_date <= :end_date AND i.customer_id = :customer
                           GROUP BY ii.description, ii.item_id, it.category_id, it.brand
Params: Array
(
    [:start_date] => 2026-08-01 00:00:00
    [:end_date] => 2026-08-31 23:59:59
    [:customer] => 363281
)


2026-08-08 21:36:51 - Report: sales_by_customer
SQL: SELECT c.id, c.name as customer_name, c.phone, COUNT(i.id) as invoice_count,
                                 SUM(i.total_amount - COALESCE(CASE WHEN i.global_discount_type = '%' THEN (i.total_amount * i.global_discount_val / 100) ELSE i.global_discount_val END, 0) + COALESCE(i.tax_amount, 0)) as total_sales,
                                 COALESCE((SELECT SUM(amount) FROM customer_payments WHERE customer_id = c.id AND status = 'Active'), 0) as paid_amount,
                                 (COALESCE(c.opening_balance, 0) + 
                                  COALESCE((SELECT SUM(total_amount - COALESCE(CASE WHEN global_discount_type = '%' THEN (total_amount * global_discount_val / 100) ELSE global_discount_val END, 0) + COALESCE(tax_amount, 0)) FROM invoices WHERE customer_id = c.id AND status != 'Voided'), 0) - 
                                  COALESCE((SELECT SUM(amount) FROM customer_payments WHERE customer_id = c.id AND status = 'Active'), 0) - 
                                  COALESCE((SELECT SUM(total_amount) FROM credit_notes WHERE customer_id = c.id), 0)) as outstanding,
                                 i.customer_id, i.created_by, i.rep_route_id, c.territory, c.customer_type
                          FROM invoices i
                          JOIN customers c ON i.customer_id = c.id
                          WHERE i.status != 'Voided'  AND i.invoice_date >= :start_date AND i.invoice_date <= :end_date AND i.created_by = :rep
                          GROUP BY c.id, c.name, c.phone, c.territory, c.customer_type
Params: Array
(
    [:start_date] => 2026-08-01 00:00:00
    [:end_date] => 2026-08-31 23:59:59
    [:rep] => 70
)


2026-08-08 21:36:51 - Report: sales_by_item
SQL: SELECT COALESCE(ii.description, 'Uncategorized/No Item') as item_name, SUM(COALESCE(ii.quantity, 0)) as total_qty,
                                 SUM(
                                     COALESCE(
                                         (ii.total / NULLIF((SELECT SUM(total) FROM invoice_items WHERE invoice_id = i.id), 0)) 
                                         * (i.total_amount - COALESCE(CASE WHEN i.global_discount_type = '%' THEN (i.total_amount * i.global_discount_val / 100) ELSE i.global_discount_val END, 0) + COALESCE(i.tax_amount, 0)), 
                                         (i.total_amount - COALESCE(CASE WHEN i.global_discount_type = '%' THEN (i.total_amount * i.global_discount_val / 100) ELSE i.global_discount_val END, 0) + COALESCE(i.tax_amount, 0))
                                     )
                                 ) as total_revenue,
                                 SUM(COALESCE(ii.quantity, 0) * COALESCE(ii.cost_at_sale, 0)) as total_cost,
                                 SUM(
                                     COALESCE(
                                         (ii.total / NULLIF((SELECT SUM(total) FROM invoice_items WHERE invoice_id = i.id), 0)) 
                                         * (i.total_amount - COALESCE(CASE WHEN i.global_discount_type = '%' THEN (i.total_amount * i.global_discount_val / 100) ELSE i.global_discount_val END, 0)), 
                                         (i.total_amount - COALESCE(CASE WHEN i.global_discount_type = '%' THEN (i.total_amount * i.global_discount_val / 100) ELSE i.global_discount_val END, 0))
                                     )
                                     - (COALESCE(ii.quantity, 0) * COALESCE(ii.cost_at_sale, 0))
                                 ) as gross_profit,
                                 ii.item_id, it.category_id, it.brand
                           FROM invoices i
                           LEFT JOIN invoice_items ii ON ii.invoice_id = i.id
                           JOIN customers c ON i.customer_id = c.id
                           LEFT JOIN items it ON ii.item_id = it.id
                           WHERE i.status != 'Voided'  AND i.invoice_date >= :start_date AND i.invoice_date <= :end_date AND c.id IN (SELECT DISTINCT customer_id FROM invoices WHERE created_by = :rep)
                           GROUP BY ii.description, ii.item_id, it.category_id, it.brand
Params: Array
(
    [:start_date] => 2026-08-01 00:00:00
    [:end_date] => 2026-08-31 23:59:59
    [:rep] => 70
)


2026-08-08 21:36:51 - Report: sales_by_customer
SQL: SELECT c.id, c.name as customer_name, c.phone, COUNT(i.id) as invoice_count,
                                 SUM(i.total_amount - COALESCE(CASE WHEN i.global_discount_type = '%' THEN (i.total_amount * i.global_discount_val / 100) ELSE i.global_discount_val END, 0) + COALESCE(i.tax_amount, 0)) as total_sales,
                                 COALESCE((SELECT SUM(amount) FROM customer_payments WHERE customer_id = c.id AND status = 'Active'), 0) as paid_amount,
                                 (COALESCE(c.opening_balance, 0) + 
                                  COALESCE((SELECT SUM(total_amount - COALESCE(CASE WHEN global_discount_type = '%' THEN (total_amount * global_discount_val / 100) ELSE global_discount_val END, 0) + COALESCE(tax_amount, 0)) FROM invoices WHERE customer_id = c.id AND status != 'Voided'), 0) - 
                                  COALESCE((SELECT SUM(amount) FROM customer_payments WHERE customer_id = c.id AND status = 'Active'), 0) - 
                                  COALESCE((SELECT SUM(total_amount) FROM credit_notes WHERE customer_id = c.id), 0)) as outstanding,
                                 i.customer_id, i.created_by, i.rep_route_id, c.territory, c.customer_type
                          FROM invoices i
                          JOIN customers c ON i.customer_id = c.id
                          WHERE i.status != 'Voided'  AND i.invoice_date >= :start_date AND i.invoice_date <= :end_date AND i.created_by = :rep
                          GROUP BY c.id, c.name, c.phone, c.territory, c.customer_type
Params: Array
(
    [:start_date] => 2026-08-01 00:00:00
    [:end_date] => 2026-08-31 23:59:59
    [:rep] => 86
)


2026-08-08 21:36:51 - Report: sales_by_item
SQL: SELECT COALESCE(ii.description, 'Uncategorized/No Item') as item_name, SUM(COALESCE(ii.quantity, 0)) as total_qty,
                                 SUM(
                                     COALESCE(
                                         (ii.total / NULLIF((SELECT SUM(total) FROM invoice_items WHERE invoice_id = i.id), 0)) 
                                         * (i.total_amount - COALESCE(CASE WHEN i.global_discount_type = '%' THEN (i.total_amount * i.global_discount_val / 100) ELSE i.global_discount_val END, 0) + COALESCE(i.tax_amount, 0)), 
                                         (i.total_amount - COALESCE(CASE WHEN i.global_discount_type = '%' THEN (i.total_amount * i.global_discount_val / 100) ELSE i.global_discount_val END, 0) + COALESCE(i.tax_amount, 0))
                                     )
                                 ) as total_revenue,
                                 SUM(COALESCE(ii.quantity, 0) * COALESCE(ii.cost_at_sale, 0)) as total_cost,
                                 SUM(
                                     COALESCE(
                                         (ii.total / NULLIF((SELECT SUM(total) FROM invoice_items WHERE invoice_id = i.id), 0)) 
                                         * (i.total_amount - COALESCE(CASE WHEN i.global_discount_type = '%' THEN (i.total_amount * i.global_discount_val / 100) ELSE i.global_discount_val END, 0)), 
                                         (i.total_amount - COALESCE(CASE WHEN i.global_discount_type = '%' THEN (i.total_amount * i.global_discount_val / 100) ELSE i.global_discount_val END, 0))
                                     )
                                     - (COALESCE(ii.quantity, 0) * COALESCE(ii.cost_at_sale, 0))
                                 ) as gross_profit,
                                 ii.item_id, it.category_id, it.brand
                           FROM invoices i
                           LEFT JOIN invoice_items ii ON ii.invoice_id = i.id
                           JOIN customers c ON i.customer_id = c.id
                           LEFT JOIN items it ON ii.item_id = it.id
                           WHERE i.status != 'Voided'  AND i.invoice_date >= :start_date AND i.invoice_date <= :end_date AND c.id IN (SELECT DISTINCT customer_id FROM invoices WHERE created_by = :rep)
                           GROUP BY ii.description, ii.item_id, it.category_id, it.brand
Params: Array
(
    [:start_date] => 2026-08-01 00:00:00
    [:end_date] => 2026-08-31 23:59:59
    [:rep] => 86
)


2026-08-08 21:36:51 - Report: sales_by_customer
SQL: SELECT c.id, c.name as customer_name, c.phone, COUNT(i.id) as invoice_count,
                                 SUM(i.total_amount - COALESCE(CASE WHEN i.global_discount_type = '%' THEN (i.total_amount * i.global_discount_val / 100) ELSE i.global_discount_val END, 0) + COALESCE(i.tax_amount, 0)) as total_sales,
                                 COALESCE((SELECT SUM(amount) FROM customer_payments WHERE customer_id = c.id AND status = 'Active'), 0) as paid_amount,
                                 (COALESCE(c.opening_balance, 0) + 
                                  COALESCE((SELECT SUM(total_amount - COALESCE(CASE WHEN global_discount_type = '%' THEN (total_amount * global_discount_val / 100) ELSE global_discount_val END, 0) + COALESCE(tax_amount, 0)) FROM invoices WHERE customer_id = c.id AND status != 'Voided'), 0) - 
                                  COALESCE((SELECT SUM(amount) FROM customer_payments WHERE customer_id = c.id AND status = 'Active'), 0) - 
                                  COALESCE((SELECT SUM(total_amount) FROM credit_notes WHERE customer_id = c.id), 0)) as outstanding,
                                 i.customer_id, i.created_by, i.rep_route_id, c.territory, c.customer_type
                          FROM invoices i
                          JOIN customers c ON i.customer_id = c.id
                          WHERE i.status != 'Voided'  AND i.invoice_date >= :start_date AND i.invoice_date <= :end_date AND i.created_by = :rep
                          GROUP BY c.id, c.name, c.phone, c.territory, c.customer_type
Params: Array
(
    [:start_date] => 2026-08-01 00:00:00
    [:end_date] => 2026-08-31 23:59:59
    [:rep] => 105
)


2026-08-08 21:36:51 - Report: sales_by_item
SQL: SELECT COALESCE(ii.description, 'Uncategorized/No Item') as item_name, SUM(COALESCE(ii.quantity, 0)) as total_qty,
                                 SUM(
                                     COALESCE(
                                         (ii.total / NULLIF((SELECT SUM(total) FROM invoice_items WHERE invoice_id = i.id), 0)) 
                                         * (i.total_amount - COALESCE(CASE WHEN i.global_discount_type = '%' THEN (i.total_amount * i.global_discount_val / 100) ELSE i.global_discount_val END, 0) + COALESCE(i.tax_amount, 0)), 
                                         (i.total_amount - COALESCE(CASE WHEN i.global_discount_type = '%' THEN (i.total_amount * i.global_discount_val / 100) ELSE i.global_discount_val END, 0) + COALESCE(i.tax_amount, 0))
                                     )
                                 ) as total_revenue,
                                 SUM(COALESCE(ii.quantity, 0) * COALESCE(ii.cost_at_sale, 0)) as total_cost,
                                 SUM(
                                     COALESCE(
                                         (ii.total / NULLIF((SELECT SUM(total) FROM invoice_items WHERE invoice_id = i.id), 0)) 
                                         * (i.total_amount - COALESCE(CASE WHEN i.global_discount_type = '%' THEN (i.total_amount * i.global_discount_val / 100) ELSE i.global_discount_val END, 0)), 
                                         (i.total_amount - COALESCE(CASE WHEN i.global_discount_type = '%' THEN (i.total_amount * i.global_discount_val / 100) ELSE i.global_discount_val END, 0))
                                     )
                                     - (COALESCE(ii.quantity, 0) * COALESCE(ii.cost_at_sale, 0))
                                 ) as gross_profit,
                                 ii.item_id, it.category_id, it.brand
                           FROM invoices i
                           LEFT JOIN invoice_items ii ON ii.invoice_id = i.id
                           JOIN customers c ON i.customer_id = c.id
                           LEFT JOIN items it ON ii.item_id = it.id
                           WHERE i.status != 'Voided'  AND i.invoice_date >= :start_date AND i.invoice_date <= :end_date AND c.id IN (SELECT DISTINCT customer_id FROM invoices WHERE created_by = :rep)
                           GROUP BY ii.description, ii.item_id, it.category_id, it.brand
Params: Array
(
    [:start_date] => 2026-08-01 00:00:00
    [:end_date] => 2026-08-31 23:59:59
    [:rep] => 105
)


2026-08-08 21:36:51 - Report: sales_by_customer
SQL: SELECT c.id, c.name as customer_name, c.phone, COUNT(i.id) as invoice_count,
                                 SUM(i.total_amount - COALESCE(CASE WHEN i.global_discount_type = '%' THEN (i.total_amount * i.global_discount_val / 100) ELSE i.global_discount_val END, 0) + COALESCE(i.tax_amount, 0)) as total_sales,
                                 COALESCE((SELECT SUM(amount) FROM customer_payments WHERE customer_id = c.id AND status = 'Active'), 0) as paid_amount,
                                 (COALESCE(c.opening_balance, 0) + 
                                  COALESCE((SELECT SUM(total_amount - COALESCE(CASE WHEN global_discount_type = '%' THEN (total_amount * global_discount_val / 100) ELSE global_discount_val END, 0) + COALESCE(tax_amount, 0)) FROM invoices WHERE customer_id = c.id AND status != 'Voided'), 0) - 
                                  COALESCE((SELECT SUM(amount) FROM customer_payments WHERE customer_id = c.id AND status = 'Active'), 0) - 
                                  COALESCE((SELECT SUM(total_amount) FROM credit_notes WHERE customer_id = c.id), 0)) as outstanding,
                                 i.customer_id, i.created_by, i.rep_route_id, c.territory, c.customer_type
                          FROM invoices i
                          JOIN customers c ON i.customer_id = c.id
                          WHERE i.status != 'Voided'  AND i.invoice_date >= :start_date AND i.invoice_date <= :end_date AND i.created_by = :rep
                          GROUP BY c.id, c.name, c.phone, c.territory, c.customer_type
Params: Array
(
    [:start_date] => 2026-08-01 00:00:00
    [:end_date] => 2026-08-31 23:59:59
    [:rep] => 109
)


2026-08-08 21:36:51 - Report: sales_by_item
SQL: SELECT COALESCE(ii.description, 'Uncategorized/No Item') as item_name, SUM(COALESCE(ii.quantity, 0)) as total_qty,
                                 SUM(
                                     COALESCE(
                                         (ii.total / NULLIF((SELECT SUM(total) FROM invoice_items WHERE invoice_id = i.id), 0)) 
                                         * (i.total_amount - COALESCE(CASE WHEN i.global_discount_type = '%' THEN (i.total_amount * i.global_discount_val / 100) ELSE i.global_discount_val END, 0) + COALESCE(i.tax_amount, 0)), 
                                         (i.total_amount - COALESCE(CASE WHEN i.global_discount_type = '%' THEN (i.total_amount * i.global_discount_val / 100) ELSE i.global_discount_val END, 0) + COALESCE(i.tax_amount, 0))
                                     )
                                 ) as total_revenue,
                                 SUM(COALESCE(ii.quantity, 0) * COALESCE(ii.cost_at_sale, 0)) as total_cost,
                                 SUM(
                                     COALESCE(
                                         (ii.total / NULLIF((SELECT SUM(total) FROM invoice_items WHERE invoice_id = i.id), 0)) 
                                         * (i.total_amount - COALESCE(CASE WHEN i.global_discount_type = '%' THEN (i.total_amount * i.global_discount_val / 100) ELSE i.global_discount_val END, 0)), 
                                         (i.total_amount - COALESCE(CASE WHEN i.global_discount_type = '%' THEN (i.total_amount * i.global_discount_val / 100) ELSE i.global_discount_val END, 0))
                                     )
                                     - (COALESCE(ii.quantity, 0) * COALESCE(ii.cost_at_sale, 0))
                                 ) as gross_profit,
                                 ii.item_id, it.category_id, it.brand
                           FROM invoices i
                           LEFT JOIN invoice_items ii ON ii.invoice_id = i.id
                           JOIN customers c ON i.customer_id = c.id
                           LEFT JOIN items it ON ii.item_id = it.id
                           WHERE i.status != 'Voided'  AND i.invoice_date >= :start_date AND i.invoice_date <= :end_date AND c.id IN (SELECT DISTINCT customer_id FROM invoices WHERE created_by = :rep)
                           GROUP BY ii.description, ii.item_id, it.category_id, it.brand
Params: Array
(
    [:start_date] => 2026-08-01 00:00:00
    [:end_date] => 2026-08-31 23:59:59
    [:rep] => 109
)


2026-08-08 21:36:51 - Report: sales_by_customer
SQL: SELECT c.id, c.name as customer_name, c.phone, COUNT(i.id) as invoice_count,
                                 SUM(i.total_amount - COALESCE(CASE WHEN i.global_discount_type = '%' THEN (i.total_amount * i.global_discount_val / 100) ELSE i.global_discount_val END, 0) + COALESCE(i.tax_amount, 0)) as total_sales,
                                 COALESCE((SELECT SUM(amount) FROM customer_payments WHERE customer_id = c.id AND status = 'Active'), 0) as paid_amount,
                                 (COALESCE(c.opening_balance, 0) + 
                                  COALESCE((SELECT SUM(total_amount - COALESCE(CASE WHEN global_discount_type = '%' THEN (total_amount * global_discount_val / 100) ELSE global_discount_val END, 0) + COALESCE(tax_amount, 0)) FROM invoices WHERE customer_id = c.id AND status != 'Voided'), 0) - 
                                  COALESCE((SELECT SUM(amount) FROM customer_payments WHERE customer_id = c.id AND status = 'Active'), 0) - 
                                  COALESCE((SELECT SUM(total_amount) FROM credit_notes WHERE customer_id = c.id), 0)) as outstanding,
                                 i.customer_id, i.created_by, i.rep_route_id, c.territory, c.customer_type
                          FROM invoices i
                          JOIN customers c ON i.customer_id = c.id
                          WHERE i.status != 'Voided'  AND i.invoice_date >= :start_date AND i.invoice_date <= :end_date AND i.created_by = :rep
                          GROUP BY c.id, c.name, c.phone, c.territory, c.customer_type
Params: Array
(
    [:start_date] => 2026-08-01 00:00:00
    [:end_date] => 2026-08-31 23:59:59
    [:rep] => 111
)


2026-08-08 21:36:51 - Report: sales_by_item
SQL: SELECT COALESCE(ii.description, 'Uncategorized/No Item') as item_name, SUM(COALESCE(ii.quantity, 0)) as total_qty,
                                 SUM(
                                     COALESCE(
                                         (ii.total / NULLIF((SELECT SUM(total) FROM invoice_items WHERE invoice_id = i.id), 0)) 
                                         * (i.total_amount - COALESCE(CASE WHEN i.global_discount_type = '%' THEN (i.total_amount * i.global_discount_val / 100) ELSE i.global_discount_val END, 0) + COALESCE(i.tax_amount, 0)), 
                                         (i.total_amount - COALESCE(CASE WHEN i.global_discount_type = '%' THEN (i.total_amount * i.global_discount_val / 100) ELSE i.global_discount_val END, 0) + COALESCE(i.tax_amount, 0))
                                     )
                                 ) as total_revenue,
                                 SUM(COALESCE(ii.quantity, 0) * COALESCE(ii.cost_at_sale, 0)) as total_cost,
                                 SUM(
                                     COALESCE(
                                         (ii.total / NULLIF((SELECT SUM(total) FROM invoice_items WHERE invoice_id = i.id), 0)) 
                                         * (i.total_amount - COALESCE(CASE WHEN i.global_discount_type = '%' THEN (i.total_amount * i.global_discount_val / 100) ELSE i.global_discount_val END, 0)), 
                                         (i.total_amount - COALESCE(CASE WHEN i.global_discount_type = '%' THEN (i.total_amount * i.global_discount_val / 100) ELSE i.global_discount_val END, 0))
                                     )
                                     - (COALESCE(ii.quantity, 0) * COALESCE(ii.cost_at_sale, 0))
                                 ) as gross_profit,
                                 ii.item_id, it.category_id, it.brand
                           FROM invoices i
                           LEFT JOIN invoice_items ii ON ii.invoice_id = i.id
                           JOIN customers c ON i.customer_id = c.id
                           LEFT JOIN items it ON ii.item_id = it.id
                           WHERE i.status != 'Voided'  AND i.invoice_date >= :start_date AND i.invoice_date <= :end_date AND c.id IN (SELECT DISTINCT customer_id FROM invoices WHERE created_by = :rep)
                           GROUP BY ii.description, ii.item_id, it.category_id, it.brand
Params: Array
(
    [:start_date] => 2026-08-01 00:00:00
    [:end_date] => 2026-08-31 23:59:59
    [:rep] => 111
)


2026-08-08 21:36:51 - Report: sales_by_customer
SQL: SELECT c.id, c.name as customer_name, c.phone, COUNT(i.id) as invoice_count,
                                 SUM(i.total_amount - COALESCE(CASE WHEN i.global_discount_type = '%' THEN (i.total_amount * i.global_discount_val / 100) ELSE i.global_discount_val END, 0) + COALESCE(i.tax_amount, 0)) as total_sales,
                                 COALESCE((SELECT SUM(amount) FROM customer_payments WHERE customer_id = c.id AND status = 'Active'), 0) as paid_amount,
                                 (COALESCE(c.opening_balance, 0) + 
                                  COALESCE((SELECT SUM(total_amount - COALESCE(CASE WHEN global_discount_type = '%' THEN (total_amount * global_discount_val / 100) ELSE global_discount_val END, 0) + COALESCE(tax_amount, 0)) FROM invoices WHERE customer_id = c.id AND status != 'Voided'), 0) - 
                                  COALESCE((SELECT SUM(amount) FROM customer_payments WHERE customer_id = c.id AND status = 'Active'), 0) - 
                                  COALESCE((SELECT SUM(total_amount) FROM credit_notes WHERE customer_id = c.id), 0)) as outstanding,
                                 i.customer_id, i.created_by, i.rep_route_id, c.territory, c.customer_type
                          FROM invoices i
                          JOIN customers c ON i.customer_id = c.id
                          WHERE i.status != 'Voided'  AND i.invoice_date >= :start_date AND i.invoice_date <= :end_date AND i.created_by = :rep
                          GROUP BY c.id, c.name, c.phone, c.territory, c.customer_type
Params: Array
(
    [:start_date] => 2026-08-01 00:00:00
    [:end_date] => 2026-08-31 23:59:59
    [:rep] => 115
)


2026-08-08 21:36:51 - Report: sales_by_item
SQL: SELECT COALESCE(ii.description, 'Uncategorized/No Item') as item_name, SUM(COALESCE(ii.quantity, 0)) as total_qty,
                                 SUM(
                                     COALESCE(
                                         (ii.total / NULLIF((SELECT SUM(total) FROM invoice_items WHERE invoice_id = i.id), 0)) 
                                         * (i.total_amount - COALESCE(CASE WHEN i.global_discount_type = '%' THEN (i.total_amount * i.global_discount_val / 100) ELSE i.global_discount_val END, 0) + COALESCE(i.tax_amount, 0)), 
                                         (i.total_amount - COALESCE(CASE WHEN i.global_discount_type = '%' THEN (i.total_amount * i.global_discount_val / 100) ELSE i.global_discount_val END, 0) + COALESCE(i.tax_amount, 0))
                                     )
                                 ) as total_revenue,
                                 SUM(COALESCE(ii.quantity, 0) * COALESCE(ii.cost_at_sale, 0)) as total_cost,
                                 SUM(
                                     COALESCE(
                                         (ii.total / NULLIF((SELECT SUM(total) FROM invoice_items WHERE invoice_id = i.id), 0)) 
                                         * (i.total_amount - COALESCE(CASE WHEN i.global_discount_type = '%' THEN (i.total_amount * i.global_discount_val / 100) ELSE i.global_discount_val END, 0)), 
                                         (i.total_amount - COALESCE(CASE WHEN i.global_discount_type = '%' THEN (i.total_amount * i.global_discount_val / 100) ELSE i.global_discount_val END, 0))
                                     )
                                     - (COALESCE(ii.quantity, 0) * COALESCE(ii.cost_at_sale, 0))
                                 ) as gross_profit,
                                 ii.item_id, it.category_id, it.brand
                           FROM invoices i
                           LEFT JOIN invoice_items ii ON ii.invoice_id = i.id
                           JOIN customers c ON i.customer_id = c.id
                           LEFT JOIN items it ON ii.item_id = it.id
                           WHERE i.status != 'Voided'  AND i.invoice_date >= :start_date AND i.invoice_date <= :end_date AND c.id IN (SELECT DISTINCT customer_id FROM invoices WHERE created_by = :rep)
                           GROUP BY ii.description, ii.item_id, it.category_id, it.brand
Params: Array
(
    [:start_date] => 2026-08-01 00:00:00
    [:end_date] => 2026-08-31 23:59:59
    [:rep] => 115
)


2026-08-08 21:36:51 - Report: sales_by_customer
SQL: SELECT c.id, c.name as customer_name, c.phone, COUNT(i.id) as invoice_count,
                                 SUM(i.total_amount - COALESCE(CASE WHEN i.global_discount_type = '%' THEN (i.total_amount * i.global_discount_val / 100) ELSE i.global_discount_val END, 0) + COALESCE(i.tax_amount, 0)) as total_sales,
                                 COALESCE((SELECT SUM(amount) FROM customer_payments WHERE customer_id = c.id AND status = 'Active'), 0) as paid_amount,
                                 (COALESCE(c.opening_balance, 0) + 
                                  COALESCE((SELECT SUM(total_amount - COALESCE(CASE WHEN global_discount_type = '%' THEN (total_amount * global_discount_val / 100) ELSE global_discount_val END, 0) + COALESCE(tax_amount, 0)) FROM invoices WHERE customer_id = c.id AND status != 'Voided'), 0) - 
                                  COALESCE((SELECT SUM(amount) FROM customer_payments WHERE customer_id = c.id AND status = 'Active'), 0) - 
                                  COALESCE((SELECT SUM(total_amount) FROM credit_notes WHERE customer_id = c.id), 0)) as outstanding,
                                 i.customer_id, i.created_by, i.rep_route_id, c.territory, c.customer_type
                          FROM invoices i
                          JOIN customers c ON i.customer_id = c.id
                          WHERE i.status != 'Voided'  AND i.invoice_date >= :start_date AND i.invoice_date <= :end_date AND i.created_by = :rep
                          GROUP BY c.id, c.name, c.phone, c.territory, c.customer_type
Params: Array
(
    [:start_date] => 2026-08-01 00:00:00
    [:end_date] => 2026-08-31 23:59:59
    [:rep] => 116
)


2026-08-08 21:36:51 - Report: sales_by_item
SQL: SELECT COALESCE(ii.description, 'Uncategorized/No Item') as item_name, SUM(COALESCE(ii.quantity, 0)) as total_qty,
                                 SUM(
                                     COALESCE(
                                         (ii.total / NULLIF((SELECT SUM(total) FROM invoice_items WHERE invoice_id = i.id), 0)) 
                                         * (i.total_amount - COALESCE(CASE WHEN i.global_discount_type = '%' THEN (i.total_amount * i.global_discount_val / 100) ELSE i.global_discount_val END, 0) + COALESCE(i.tax_amount, 0)), 
                                         (i.total_amount - COALESCE(CASE WHEN i.global_discount_type = '%' THEN (i.total_amount * i.global_discount_val / 100) ELSE i.global_discount_val END, 0) + COALESCE(i.tax_amount, 0))
                                     )
                                 ) as total_revenue,
                                 SUM(COALESCE(ii.quantity, 0) * COALESCE(ii.cost_at_sale, 0)) as total_cost,
                                 SUM(
                                     COALESCE(
                                         (ii.total / NULLIF((SELECT SUM(total) FROM invoice_items WHERE invoice_id = i.id), 0)) 
                                         * (i.total_amount - COALESCE(CASE WHEN i.global_discount_type = '%' THEN (i.total_amount * i.global_discount_val / 100) ELSE i.global_discount_val END, 0)), 
                                         (i.total_amount - COALESCE(CASE WHEN i.global_discount_type = '%' THEN (i.total_amount * i.global_discount_val / 100) ELSE i.global_discount_val END, 0))
                                     )
                                     - (COALESCE(ii.quantity, 0) * COALESCE(ii.cost_at_sale, 0))
                                 ) as gross_profit,
                                 ii.item_id, it.category_id, it.brand
                           FROM invoices i
                           LEFT JOIN invoice_items ii ON ii.invoice_id = i.id
                           JOIN customers c ON i.customer_id = c.id
                           LEFT JOIN items it ON ii.item_id = it.id
                           WHERE i.status != 'Voided'  AND i.invoice_date >= :start_date AND i.invoice_date <= :end_date AND c.id IN (SELECT DISTINCT customer_id FROM invoices WHERE created_by = :rep)
                           GROUP BY ii.description, ii.item_id, it.category_id, it.brand
Params: Array
(
    [:start_date] => 2026-08-01 00:00:00
    [:end_date] => 2026-08-31 23:59:59
    [:rep] => 116
)


2026-08-08 21:36:51 - Report: sales_by_customer
SQL: SELECT c.id, c.name as customer_name, c.phone, COUNT(i.id) as invoice_count,
                                 SUM(i.total_amount - COALESCE(CASE WHEN i.global_discount_type = '%' THEN (i.total_amount * i.global_discount_val / 100) ELSE i.global_discount_val END, 0) + COALESCE(i.tax_amount, 0)) as total_sales,
                                 COALESCE((SELECT SUM(amount) FROM customer_payments WHERE customer_id = c.id AND status = 'Active'), 0) as paid_amount,
                                 (COALESCE(c.opening_balance, 0) + 
                                  COALESCE((SELECT SUM(total_amount - COALESCE(CASE WHEN global_discount_type = '%' THEN (total_amount * global_discount_val / 100) ELSE global_discount_val END, 0) + COALESCE(tax_amount, 0)) FROM invoices WHERE customer_id = c.id AND status != 'Voided'), 0) - 
                                  COALESCE((SELECT SUM(amount) FROM customer_payments WHERE customer_id = c.id AND status = 'Active'), 0) - 
                                  COALESCE((SELECT SUM(total_amount) FROM credit_notes WHERE customer_id = c.id), 0)) as outstanding,
                                 i.customer_id, i.created_by, i.rep_route_id, c.territory, c.customer_type
                          FROM invoices i
                          JOIN customers c ON i.customer_id = c.id
                          WHERE i.status != 'Voided'  AND i.invoice_date >= :start_date AND i.invoice_date <= :end_date AND i.created_by = :rep
                          GROUP BY c.id, c.name, c.phone, c.territory, c.customer_type
Params: Array
(
    [:start_date] => 2026-08-01 00:00:00
    [:end_date] => 2026-08-31 23:59:59
    [:rep] => 121
)


2026-08-08 21:36:51 - Report: sales_by_item
SQL: SELECT COALESCE(ii.description, 'Uncategorized/No Item') as item_name, SUM(COALESCE(ii.quantity, 0)) as total_qty,
                                 SUM(
                                     COALESCE(
                                         (ii.total / NULLIF((SELECT SUM(total) FROM invoice_items WHERE invoice_id = i.id), 0)) 
                                         * (i.total_amount - COALESCE(CASE WHEN i.global_discount_type = '%' THEN (i.total_amount * i.global_discount_val / 100) ELSE i.global_discount_val END, 0) + COALESCE(i.tax_amount, 0)), 
                                         (i.total_amount - COALESCE(CASE WHEN i.global_discount_type = '%' THEN (i.total_amount * i.global_discount_val / 100) ELSE i.global_discount_val END, 0) + COALESCE(i.tax_amount, 0))
                                     )
                                 ) as total_revenue,
                                 SUM(COALESCE(ii.quantity, 0) * COALESCE(ii.cost_at_sale, 0)) as total_cost,
                                 SUM(
                                     COALESCE(
                                         (ii.total / NULLIF((SELECT SUM(total) FROM invoice_items WHERE invoice_id = i.id), 0)) 
                                         * (i.total_amount - COALESCE(CASE WHEN i.global_discount_type = '%' THEN (i.total_amount * i.global_discount_val / 100) ELSE i.global_discount_val END, 0)), 
                                         (i.total_amount - COALESCE(CASE WHEN i.global_discount_type = '%' THEN (i.total_amount * i.global_discount_val / 100) ELSE i.global_discount_val END, 0))
                                     )
                                     - (COALESCE(ii.quantity, 0) * COALESCE(ii.cost_at_sale, 0))
                                 ) as gross_profit,
                                 ii.item_id, it.category_id, it.brand
                           FROM invoices i
                           LEFT JOIN invoice_items ii ON ii.invoice_id = i.id
                           JOIN customers c ON i.customer_id = c.id
                           LEFT JOIN items it ON ii.item_id = it.id
                           WHERE i.status != 'Voided'  AND i.invoice_date >= :start_date AND i.invoice_date <= :end_date AND c.id IN (SELECT DISTINCT customer_id FROM invoices WHERE created_by = :rep)
                           GROUP BY ii.description, ii.item_id, it.category_id, it.brand
Params: Array
(
    [:start_date] => 2026-08-01 00:00:00
    [:end_date] => 2026-08-31 23:59:59
    [:rep] => 121
)


2026-08-08 21:36:51 - Report: sales_by_customer
SQL: SELECT c.id, c.name as customer_name, c.phone, COUNT(i.id) as invoice_count,
                                 SUM(i.total_amount - COALESCE(CASE WHEN i.global_discount_type = '%' THEN (i.total_amount * i.global_discount_val / 100) ELSE i.global_discount_val END, 0) + COALESCE(i.tax_amount, 0)) as total_sales,
                                 COALESCE((SELECT SUM(amount) FROM customer_payments WHERE customer_id = c.id AND status = 'Active'), 0) as paid_amount,
                                 (COALESCE(c.opening_balance, 0) + 
                                  COALESCE((SELECT SUM(total_amount - COALESCE(CASE WHEN global_discount_type = '%' THEN (total_amount * global_discount_val / 100) ELSE global_discount_val END, 0) + COALESCE(tax_amount, 0)) FROM invoices WHERE customer_id = c.id AND status != 'Voided'), 0) - 
                                  COALESCE((SELECT SUM(amount) FROM customer_payments WHERE customer_id = c.id AND status = 'Active'), 0) - 
                                  COALESCE((SELECT SUM(total_amount) FROM credit_notes WHERE customer_id = c.id), 0)) as outstanding,
                                 i.customer_id, i.created_by, i.rep_route_id, c.territory, c.customer_type
                          FROM invoices i
                          JOIN customers c ON i.customer_id = c.id
                          WHERE i.status != 'Voided'  AND i.invoice_date >= :start_date AND i.invoice_date <= :end_date AND i.created_by = :rep
                          GROUP BY c.id, c.name, c.phone, c.territory, c.customer_type
Params: Array
(
    [:start_date] => 2026-08-01 00:00:00
    [:end_date] => 2026-08-31 23:59:59
    [:rep] => 126
)


2026-08-08 21:36:51 - Report: sales_by_item
SQL: SELECT COALESCE(ii.description, 'Uncategorized/No Item') as item_name, SUM(COALESCE(ii.quantity, 0)) as total_qty,
                                 SUM(
                                     COALESCE(
                                         (ii.total / NULLIF((SELECT SUM(total) FROM invoice_items WHERE invoice_id = i.id), 0)) 
                                         * (i.total_amount - COALESCE(CASE WHEN i.global_discount_type = '%' THEN (i.total_amount * i.global_discount_val / 100) ELSE i.global_discount_val END, 0) + COALESCE(i.tax_amount, 0)), 
                                         (i.total_amount - COALESCE(CASE WHEN i.global_discount_type = '%' THEN (i.total_amount * i.global_discount_val / 100) ELSE i.global_discount_val END, 0) + COALESCE(i.tax_amount, 0))
                                     )
                                 ) as total_revenue,
                                 SUM(COALESCE(ii.quantity, 0) * COALESCE(ii.cost_at_sale, 0)) as total_cost,
                                 SUM(
                                     COALESCE(
                                         (ii.total / NULLIF((SELECT SUM(total) FROM invoice_items WHERE invoice_id = i.id), 0)) 
                                         * (i.total_amount - COALESCE(CASE WHEN i.global_discount_type = '%' THEN (i.total_amount * i.global_discount_val / 100) ELSE i.global_discount_val END, 0)), 
                                         (i.total_amount - COALESCE(CASE WHEN i.global_discount_type = '%' THEN (i.total_amount * i.global_discount_val / 100) ELSE i.global_discount_val END, 0))
                                     )
                                     - (COALESCE(ii.quantity, 0) * COALESCE(ii.cost_at_sale, 0))
                                 ) as gross_profit,
                                 ii.item_id, it.category_id, it.brand
                           FROM invoices i
                           LEFT JOIN invoice_items ii ON ii.invoice_id = i.id
                           JOIN customers c ON i.customer_id = c.id
                           LEFT JOIN items it ON ii.item_id = it.id
                           WHERE i.status != 'Voided'  AND i.invoice_date >= :start_date AND i.invoice_date <= :end_date AND c.id IN (SELECT DISTINCT customer_id FROM invoices WHERE created_by = :rep)
                           GROUP BY ii.description, ii.item_id, it.category_id, it.brand
Params: Array
(
    [:start_date] => 2026-08-01 00:00:00
    [:end_date] => 2026-08-31 23:59:59
    [:rep] => 126
)


2026-08-08 21:36:51 - Report: sales_by_customer
SQL: SELECT c.id, c.name as customer_name, c.phone, COUNT(i.id) as invoice_count,
                                 SUM(i.total_amount - COALESCE(CASE WHEN i.global_discount_type = '%' THEN (i.total_amount * i.global_discount_val / 100) ELSE i.global_discount_val END, 0) + COALESCE(i.tax_amount, 0)) as total_sales,
                                 COALESCE((SELECT SUM(amount) FROM customer_payments WHERE customer_id = c.id AND status = 'Active'), 0) as paid_amount,
                                 (COALESCE(c.opening_balance, 0) + 
                                  COALESCE((SELECT SUM(total_amount - COALESCE(CASE WHEN global_discount_type = '%' THEN (total_amount * global_discount_val / 100) ELSE global_discount_val END, 0) + COALESCE(tax_amount, 0)) FROM invoices WHERE customer_id = c.id AND status != 'Voided'), 0) - 
                                  COALESCE((SELECT SUM(amount) FROM customer_payments WHERE customer_id = c.id AND status = 'Active'), 0) - 
                                  COALESCE((SELECT SUM(total_amount) FROM credit_notes WHERE customer_id = c.id), 0)) as outstanding,
                                 i.customer_id, i.created_by, i.rep_route_id, c.territory, c.customer_type
                          FROM invoices i
                          JOIN customers c ON i.customer_id = c.id
                          WHERE i.status != 'Voided'  AND i.invoice_date >= :start_date AND i.invoice_date <= :end_date AND i.created_by = :rep
                          GROUP BY c.id, c.name, c.phone, c.territory, c.customer_type
Params: Array
(
    [:start_date] => 2026-08-01 00:00:00
    [:end_date] => 2026-08-31 23:59:59
    [:rep] => 127
)


2026-08-08 21:36:51 - Report: sales_by_item
SQL: SELECT COALESCE(ii.description, 'Uncategorized/No Item') as item_name, SUM(COALESCE(ii.quantity, 0)) as total_qty,
                                 SUM(
                                     COALESCE(
                                         (ii.total / NULLIF((SELECT SUM(total) FROM invoice_items WHERE invoice_id = i.id), 0)) 
                                         * (i.total_amount - COALESCE(CASE WHEN i.global_discount_type = '%' THEN (i.total_amount * i.global_discount_val / 100) ELSE i.global_discount_val END, 0) + COALESCE(i.tax_amount, 0)), 
                                         (i.total_amount - COALESCE(CASE WHEN i.global_discount_type = '%' THEN (i.total_amount * i.global_discount_val / 100) ELSE i.global_discount_val END, 0) + COALESCE(i.tax_amount, 0))
                                     )
                                 ) as total_revenue,
                                 SUM(COALESCE(ii.quantity, 0) * COALESCE(ii.cost_at_sale, 0)) as total_cost,
                                 SUM(
                                     COALESCE(
                                         (ii.total / NULLIF((SELECT SUM(total) FROM invoice_items WHERE invoice_id = i.id), 0)) 
                                         * (i.total_amount - COALESCE(CASE WHEN i.global_discount_type = '%' THEN (i.total_amount * i.global_discount_val / 100) ELSE i.global_discount_val END, 0)), 
                                         (i.total_amount - COALESCE(CASE WHEN i.global_discount_type = '%' THEN (i.total_amount * i.global_discount_val / 100) ELSE i.global_discount_val END, 0))
                                     )
                                     - (COALESCE(ii.quantity, 0) * COALESCE(ii.cost_at_sale, 0))
                                 ) as gross_profit,
                                 ii.item_id, it.category_id, it.brand
                           FROM invoices i
                           LEFT JOIN invoice_items ii ON ii.invoice_id = i.id
                           JOIN customers c ON i.customer_id = c.id
                           LEFT JOIN items it ON ii.item_id = it.id
                           WHERE i.status != 'Voided'  AND i.invoice_date >= :start_date AND i.invoice_date <= :end_date AND c.id IN (SELECT DISTINCT customer_id FROM invoices WHERE created_by = :rep)
                           GROUP BY ii.description, ii.item_id, it.category_id, it.brand
Params: Array
(
    [:start_date] => 2026-08-01 00:00:00
    [:end_date] => 2026-08-31 23:59:59
    [:rep] => 127
)


2026-08-08 21:36:51 - Report: sales_by_customer
SQL: SELECT c.id, c.name as customer_name, c.phone, COUNT(i.id) as invoice_count,
                                 SUM(i.total_amount - COALESCE(CASE WHEN i.global_discount_type = '%' THEN (i.total_amount * i.global_discount_val / 100) ELSE i.global_discount_val END, 0) + COALESCE(i.tax_amount, 0)) as total_sales,
                                 COALESCE((SELECT SUM(amount) FROM customer_payments WHERE customer_id = c.id AND status = 'Active'), 0) as paid_amount,
                                 (COALESCE(c.opening_balance, 0) + 
                                  COALESCE((SELECT SUM(total_amount - COALESCE(CASE WHEN global_discount_type = '%' THEN (total_amount * global_discount_val / 100) ELSE global_discount_val END, 0) + COALESCE(tax_amount, 0)) FROM invoices WHERE customer_id = c.id AND status != 'Voided'), 0) - 
                                  COALESCE((SELECT SUM(amount) FROM customer_payments WHERE customer_id = c.id AND status = 'Active'), 0) - 
                                  COALESCE((SELECT SUM(total_amount) FROM credit_notes WHERE customer_id = c.id), 0)) as outstanding,
                                 i.customer_id, i.created_by, i.rep_route_id, c.territory, c.customer_type
                          FROM invoices i
                          JOIN customers c ON i.customer_id = c.id
                          WHERE i.status != 'Voided'  AND i.invoice_date >= :start_date AND i.invoice_date <= :end_date AND i.created_by = :rep
                          GROUP BY c.id, c.name, c.phone, c.territory, c.customer_type
Params: Array
(
    [:start_date] => 2026-08-01 00:00:00
    [:end_date] => 2026-08-31 23:59:59
    [:rep] => 128
)


2026-08-08 21:36:51 - Report: sales_by_item
SQL: SELECT COALESCE(ii.description, 'Uncategorized/No Item') as item_name, SUM(COALESCE(ii.quantity, 0)) as total_qty,
                                 SUM(
                                     COALESCE(
                                         (ii.total / NULLIF((SELECT SUM(total) FROM invoice_items WHERE invoice_id = i.id), 0)) 
                                         * (i.total_amount - COALESCE(CASE WHEN i.global_discount_type = '%' THEN (i.total_amount * i.global_discount_val / 100) ELSE i.global_discount_val END, 0) + COALESCE(i.tax_amount, 0)), 
                                         (i.total_amount - COALESCE(CASE WHEN i.global_discount_type = '%' THEN (i.total_amount * i.global_discount_val / 100) ELSE i.global_discount_val END, 0) + COALESCE(i.tax_amount, 0))
                                     )
                                 ) as total_revenue,
                                 SUM(COALESCE(ii.quantity, 0) * COALESCE(ii.cost_at_sale, 0)) as total_cost,
                                 SUM(
                                     COALESCE(
                                         (ii.total / NULLIF((SELECT SUM(total) FROM invoice_items WHERE invoice_id = i.id), 0)) 
                                         * (i.total_amount - COALESCE(CASE WHEN i.global_discount_type = '%' THEN (i.total_amount * i.global_discount_val / 100) ELSE i.global_discount_val END, 0)), 
                                         (i.total_amount - COALESCE(CASE WHEN i.global_discount_type = '%' THEN (i.total_amount * i.global_discount_val / 100) ELSE i.global_discount_val END, 0))
                                     )
                                     - (COALESCE(ii.quantity, 0) * COALESCE(ii.cost_at_sale, 0))
                                 ) as gross_profit,
                                 ii.item_id, it.category_id, it.brand
                           FROM invoices i
                           LEFT JOIN invoice_items ii ON ii.invoice_id = i.id
                           JOIN customers c ON i.customer_id = c.id
                           LEFT JOIN items it ON ii.item_id = it.id
                           WHERE i.status != 'Voided'  AND i.invoice_date >= :start_date AND i.invoice_date <= :end_date AND c.id IN (SELECT DISTINCT customer_id FROM invoices WHERE created_by = :rep)
                           GROUP BY ii.description, ii.item_id, it.category_id, it.brand
Params: Array
(
    [:start_date] => 2026-08-01 00:00:00
    [:end_date] => 2026-08-31 23:59:59
    [:rep] => 128
)


2026-08-08 21:36:51 - Report: sales_by_customer
SQL: SELECT c.id, c.name as customer_name, c.phone, COUNT(i.id) as invoice_count,
                                 SUM(i.total_amount - COALESCE(CASE WHEN i.global_discount_type = '%' THEN (i.total_amount * i.global_discount_val / 100) ELSE i.global_discount_val END, 0) + COALESCE(i.tax_amount, 0)) as total_sales,
                                 COALESCE((SELECT SUM(amount) FROM customer_payments WHERE customer_id = c.id AND status = 'Active'), 0) as paid_amount,
                                 (COALESCE(c.opening_balance, 0) + 
                                  COALESCE((SELECT SUM(total_amount - COALESCE(CASE WHEN global_discount_type = '%' THEN (total_amount * global_discount_val / 100) ELSE global_discount_val END, 0) + COALESCE(tax_amount, 0)) FROM invoices WHERE customer_id = c.id AND status != 'Voided'), 0) - 
                                  COALESCE((SELECT SUM(amount) FROM customer_payments WHERE customer_id = c.id AND status = 'Active'), 0) - 
                                  COALESCE((SELECT SUM(total_amount) FROM credit_notes WHERE customer_id = c.id), 0)) as outstanding,
                                 i.customer_id, i.created_by, i.rep_route_id, c.territory, c.customer_type
                          FROM invoices i
                          JOIN customers c ON i.customer_id = c.id
                          WHERE i.status != 'Voided'  AND i.invoice_date >= :start_date AND i.invoice_date <= :end_date AND i.created_by = :rep
                          GROUP BY c.id, c.name, c.phone, c.territory, c.customer_type
Params: Array
(
    [:start_date] => 2026-08-01 00:00:00
    [:end_date] => 2026-08-31 23:59:59
    [:rep] => 130
)


2026-08-08 21:36:51 - Report: sales_by_item
SQL: SELECT COALESCE(ii.description, 'Uncategorized/No Item') as item_name, SUM(COALESCE(ii.quantity, 0)) as total_qty,
                                 SUM(
                                     COALESCE(
                                         (ii.total / NULLIF((SELECT SUM(total) FROM invoice_items WHERE invoice_id = i.id), 0)) 
                                         * (i.total_amount - COALESCE(CASE WHEN i.global_discount_type = '%' THEN (i.total_amount * i.global_discount_val / 100) ELSE i.global_discount_val END, 0) + COALESCE(i.tax_amount, 0)), 
                                         (i.total_amount - COALESCE(CASE WHEN i.global_discount_type = '%' THEN (i.total_amount * i.global_discount_val / 100) ELSE i.global_discount_val END, 0) + COALESCE(i.tax_amount, 0))
                                     )
                                 ) as total_revenue,
                                 SUM(COALESCE(ii.quantity, 0) * COALESCE(ii.cost_at_sale, 0)) as total_cost,
                                 SUM(
                                     COALESCE(
                                         (ii.total / NULLIF((SELECT SUM(total) FROM invoice_items WHERE invoice_id = i.id), 0)) 
                                         * (i.total_amount - COALESCE(CASE WHEN i.global_discount_type = '%' THEN (i.total_amount * i.global_discount_val / 100) ELSE i.global_discount_val END, 0)), 
                                         (i.total_amount - COALESCE(CASE WHEN i.global_discount_type = '%' THEN (i.total_amount * i.global_discount_val / 100) ELSE i.global_discount_val END, 0))
                                     )
                                     - (COALESCE(ii.quantity, 0) * COALESCE(ii.cost_at_sale, 0))
                                 ) as gross_profit,
                                 ii.item_id, it.category_id, it.brand
                           FROM invoices i
                           LEFT JOIN invoice_items ii ON ii.invoice_id = i.id
                           JOIN customers c ON i.customer_id = c.id
                           LEFT JOIN items it ON ii.item_id = it.id
                           WHERE i.status != 'Voided'  AND i.invoice_date >= :start_date AND i.invoice_date <= :end_date AND c.id IN (SELECT DISTINCT customer_id FROM invoices WHERE created_by = :rep)
                           GROUP BY ii.description, ii.item_id, it.category_id, it.brand
Params: Array
(
    [:start_date] => 2026-08-01 00:00:00
    [:end_date] => 2026-08-31 23:59:59
    [:rep] => 130
)


2026-08-08 21:36:51 - Report: sales_by_customer
SQL: SELECT c.id, c.name as customer_name, c.phone, COUNT(i.id) as invoice_count,
                                 SUM(i.total_amount - COALESCE(CASE WHEN i.global_discount_type = '%' THEN (i.total_amount * i.global_discount_val / 100) ELSE i.global_discount_val END, 0) + COALESCE(i.tax_amount, 0)) as total_sales,
                                 COALESCE((SELECT SUM(amount) FROM customer_payments WHERE customer_id = c.id AND status = 'Active'), 0) as paid_amount,
                                 (COALESCE(c.opening_balance, 0) + 
                                  COALESCE((SELECT SUM(total_amount - COALESCE(CASE WHEN global_discount_type = '%' THEN (total_amount * global_discount_val / 100) ELSE global_discount_val END, 0) + COALESCE(tax_amount, 0)) FROM invoices WHERE customer_id = c.id AND status != 'Voided'), 0) - 
                                  COALESCE((SELECT SUM(amount) FROM customer_payments WHERE customer_id = c.id AND status = 'Active'), 0) - 
                                  COALESCE((SELECT SUM(total_amount) FROM credit_notes WHERE customer_id = c.id), 0)) as outstanding,
                                 i.customer_id, i.created_by, i.rep_route_id, c.territory, c.customer_type
                          FROM invoices i
                          JOIN customers c ON i.customer_id = c.id
                          WHERE i.status != 'Voided'  AND i.invoice_date >= :start_date AND i.invoice_date <= :end_date AND i.created_by = :rep
                          GROUP BY c.id, c.name, c.phone, c.territory, c.customer_type
Params: Array
(
    [:start_date] => 2026-08-01 00:00:00
    [:end_date] => 2026-08-31 23:59:59
    [:rep] => 132
)


2026-08-08 21:36:51 - Report: sales_by_item
SQL: SELECT COALESCE(ii.description, 'Uncategorized/No Item') as item_name, SUM(COALESCE(ii.quantity, 0)) as total_qty,
                                 SUM(
                                     COALESCE(
                                         (ii.total / NULLIF((SELECT SUM(total) FROM invoice_items WHERE invoice_id = i.id), 0)) 
                                         * (i.total_amount - COALESCE(CASE WHEN i.global_discount_type = '%' THEN (i.total_amount * i.global_discount_val / 100) ELSE i.global_discount_val END, 0) + COALESCE(i.tax_amount, 0)), 
                                         (i.total_amount - COALESCE(CASE WHEN i.global_discount_type = '%' THEN (i.total_amount * i.global_discount_val / 100) ELSE i.global_discount_val END, 0) + COALESCE(i.tax_amount, 0))
                                     )
                                 ) as total_revenue,
                                 SUM(COALESCE(ii.quantity, 0) * COALESCE(ii.cost_at_sale, 0)) as total_cost,
                                 SUM(
                                     COALESCE(
                                         (ii.total / NULLIF((SELECT SUM(total) FROM invoice_items WHERE invoice_id = i.id), 0)) 
                                         * (i.total_amount - COALESCE(CASE WHEN i.global_discount_type = '%' THEN (i.total_amount * i.global_discount_val / 100) ELSE i.global_discount_val END, 0)), 
                                         (i.total_amount - COALESCE(CASE WHEN i.global_discount_type = '%' THEN (i.total_amount * i.global_discount_val / 100) ELSE i.global_discount_val END, 0))
                                     )
                                     - (COALESCE(ii.quantity, 0) * COALESCE(ii.cost_at_sale, 0))
                                 ) as gross_profit,
                                 ii.item_id, it.category_id, it.brand
                           FROM invoices i
                           LEFT JOIN invoice_items ii ON ii.invoice_id = i.id
                           JOIN customers c ON i.customer_id = c.id
                           LEFT JOIN items it ON ii.item_id = it.id
                           WHERE i.status != 'Voided'  AND i.invoice_date >= :start_date AND i.invoice_date <= :end_date AND c.id IN (SELECT DISTINCT customer_id FROM invoices WHERE created_by = :rep)
                           GROUP BY ii.description, ii.item_id, it.category_id, it.brand
Params: Array
(
    [:start_date] => 2026-08-01 00:00:00
    [:end_date] => 2026-08-31 23:59:59
    [:rep] => 132
)


2026-08-08 21:36:51 - Report: sales_by_customer
SQL: SELECT c.id, c.name as customer_name, c.phone, COUNT(i.id) as invoice_count,
                                 SUM(i.total_amount - COALESCE(CASE WHEN i.global_discount_type = '%' THEN (i.total_amount * i.global_discount_val / 100) ELSE i.global_discount_val END, 0) + COALESCE(i.tax_amount, 0)) as total_sales,
                                 COALESCE((SELECT SUM(amount) FROM customer_payments WHERE customer_id = c.id AND status = 'Active'), 0) as paid_amount,
                                 (COALESCE(c.opening_balance, 0) + 
                                  COALESCE((SELECT SUM(total_amount - COALESCE(CASE WHEN global_discount_type = '%' THEN (total_amount * global_discount_val / 100) ELSE global_discount_val END, 0) + COALESCE(tax_amount, 0)) FROM invoices WHERE customer_id = c.id AND status != 'Voided'), 0) - 
                                  COALESCE((SELECT SUM(amount) FROM customer_payments WHERE customer_id = c.id AND status = 'Active'), 0) - 
                                  COALESCE((SELECT SUM(total_amount) FROM credit_notes WHERE customer_id = c.id), 0)) as outstanding,
                                 i.customer_id, i.created_by, i.rep_route_id, c.territory, c.customer_type
                          FROM invoices i
                          JOIN customers c ON i.customer_id = c.id
                          WHERE i.status != 'Voided'  AND i.invoice_date >= :start_date AND i.invoice_date <= :end_date AND i.created_by = :rep
                          GROUP BY c.id, c.name, c.phone, c.territory, c.customer_type
Params: Array
(
    [:start_date] => 2026-08-01 00:00:00
    [:end_date] => 2026-08-31 23:59:59
    [:rep] => 133
)


2026-08-08 21:36:51 - Report: sales_by_item
SQL: SELECT COALESCE(ii.description, 'Uncategorized/No Item') as item_name, SUM(COALESCE(ii.quantity, 0)) as total_qty,
                                 SUM(
                                     COALESCE(
                                         (ii.total / NULLIF((SELECT SUM(total) FROM invoice_items WHERE invoice_id = i.id), 0)) 
                                         * (i.total_amount - COALESCE(CASE WHEN i.global_discount_type = '%' THEN (i.total_amount * i.global_discount_val / 100) ELSE i.global_discount_val END, 0) + COALESCE(i.tax_amount, 0)), 
                                         (i.total_amount - COALESCE(CASE WHEN i.global_discount_type = '%' THEN (i.total_amount * i.global_discount_val / 100) ELSE i.global_discount_val END, 0) + COALESCE(i.tax_amount, 0))
                                     )
                                 ) as total_revenue,
                                 SUM(COALESCE(ii.quantity, 0) * COALESCE(ii.cost_at_sale, 0)) as total_cost,
                                 SUM(
                                     COALESCE(
                                         (ii.total / NULLIF((SELECT SUM(total) FROM invoice_items WHERE invoice_id = i.id), 0)) 
                                         * (i.total_amount - COALESCE(CASE WHEN i.global_discount_type = '%' THEN (i.total_amount * i.global_discount_val / 100) ELSE i.global_discount_val END, 0)), 
                                         (i.total_amount - COALESCE(CASE WHEN i.global_discount_type = '%' THEN (i.total_amount * i.global_discount_val / 100) ELSE i.global_discount_val END, 0))
                                     )
                                     - (COALESCE(ii.quantity, 0) * COALESCE(ii.cost_at_sale, 0))
                                 ) as gross_profit,
                                 ii.item_id, it.category_id, it.brand
                           FROM invoices i
                           LEFT JOIN invoice_items ii ON ii.invoice_id = i.id
                           JOIN customers c ON i.customer_id = c.id
                           LEFT JOIN items it ON ii.item_id = it.id
                           WHERE i.status != 'Voided'  AND i.invoice_date >= :start_date AND i.invoice_date <= :end_date AND c.id IN (SELECT DISTINCT customer_id FROM invoices WHERE created_by = :rep)
                           GROUP BY ii.description, ii.item_id, it.category_id, it.brand
Params: Array
(
    [:start_date] => 2026-08-01 00:00:00
    [:end_date] => 2026-08-31 23:59:59
    [:rep] => 133
)


2026-08-08 21:36:51 - Report: sales_by_customer
SQL: SELECT c.id, c.name as customer_name, c.phone, COUNT(i.id) as invoice_count,
                                 SUM(i.total_amount - COALESCE(CASE WHEN i.global_discount_type = '%' THEN (i.total_amount * i.global_discount_val / 100) ELSE i.global_discount_val END, 0) + COALESCE(i.tax_amount, 0)) as total_sales,
                                 COALESCE((SELECT SUM(amount) FROM customer_payments WHERE customer_id = c.id AND status = 'Active'), 0) as paid_amount,
                                 (COALESCE(c.opening_balance, 0) + 
                                  COALESCE((SELECT SUM(total_amount - COALESCE(CASE WHEN global_discount_type = '%' THEN (total_amount * global_discount_val / 100) ELSE global_discount_val END, 0) + COALESCE(tax_amount, 0)) FROM invoices WHERE customer_id = c.id AND status != 'Voided'), 0) - 
                                  COALESCE((SELECT SUM(amount) FROM customer_payments WHERE customer_id = c.id AND status = 'Active'), 0) - 
                                  COALESCE((SELECT SUM(total_amount) FROM credit_notes WHERE customer_id = c.id), 0)) as outstanding,
                                 i.customer_id, i.created_by, i.rep_route_id, c.territory, c.customer_type
                          FROM invoices i
                          JOIN customers c ON i.customer_id = c.id
                          WHERE i.status != 'Voided'  AND i.invoice_date >= :start_date AND i.invoice_date <= :end_date AND i.created_by = :rep
                          GROUP BY c.id, c.name, c.phone, c.territory, c.customer_type
Params: Array
(
    [:start_date] => 2026-08-01 00:00:00
    [:end_date] => 2026-08-31 23:59:59
    [:rep] => 134
)


2026-08-08 21:36:51 - Report: sales_by_item
SQL: SELECT COALESCE(ii.description, 'Uncategorized/No Item') as item_name, SUM(COALESCE(ii.quantity, 0)) as total_qty,
                                 SUM(
                                     COALESCE(
                                         (ii.total / NULLIF((SELECT SUM(total) FROM invoice_items WHERE invoice_id = i.id), 0)) 
                                         * (i.total_amount - COALESCE(CASE WHEN i.global_discount_type = '%' THEN (i.total_amount * i.global_discount_val / 100) ELSE i.global_discount_val END, 0) + COALESCE(i.tax_amount, 0)), 
                                         (i.total_amount - COALESCE(CASE WHEN i.global_discount_type = '%' THEN (i.total_amount * i.global_discount_val / 100) ELSE i.global_discount_val END, 0) + COALESCE(i.tax_amount, 0))
                                     )
                                 ) as total_revenue,
                                 SUM(COALESCE(ii.quantity, 0) * COALESCE(ii.cost_at_sale, 0)) as total_cost,
                                 SUM(
                                     COALESCE(
                                         (ii.total / NULLIF((SELECT SUM(total) FROM invoice_items WHERE invoice_id = i.id), 0)) 
                                         * (i.total_amount - COALESCE(CASE WHEN i.global_discount_type = '%' THEN (i.total_amount * i.global_discount_val / 100) ELSE i.global_discount_val END, 0)), 
                                         (i.total_amount - COALESCE(CASE WHEN i.global_discount_type = '%' THEN (i.total_amount * i.global_discount_val / 100) ELSE i.global_discount_val END, 0))
                                     )
                                     - (COALESCE(ii.quantity, 0) * COALESCE(ii.cost_at_sale, 0))
                                 ) as gross_profit,
                                 ii.item_id, it.category_id, it.brand
                           FROM invoices i
                           LEFT JOIN invoice_items ii ON ii.invoice_id = i.id
                           JOIN customers c ON i.customer_id = c.id
                           LEFT JOIN items it ON ii.item_id = it.id
                           WHERE i.status != 'Voided'  AND i.invoice_date >= :start_date AND i.invoice_date <= :end_date AND c.id IN (SELECT DISTINCT customer_id FROM invoices WHERE created_by = :rep)
                           GROUP BY ii.description, ii.item_id, it.category_id, it.brand
Params: Array
(
    [:start_date] => 2026-08-01 00:00:00
    [:end_date] => 2026-08-31 23:59:59
    [:rep] => 134
)


2026-08-08 21:36:51 - Report: sales_by_customer
SQL: SELECT c.id, c.name as customer_name, c.phone, COUNT(i.id) as invoice_count,
                                 SUM(i.total_amount - COALESCE(CASE WHEN i.global_discount_type = '%' THEN (i.total_amount * i.global_discount_val / 100) ELSE i.global_discount_val END, 0) + COALESCE(i.tax_amount, 0)) as total_sales,
                                 COALESCE((SELECT SUM(amount) FROM customer_payments WHERE customer_id = c.id AND status = 'Active'), 0) as paid_amount,
                                 (COALESCE(c.opening_balance, 0) + 
                                  COALESCE((SELECT SUM(total_amount - COALESCE(CASE WHEN global_discount_type = '%' THEN (total_amount * global_discount_val / 100) ELSE global_discount_val END, 0) + COALESCE(tax_amount, 0)) FROM invoices WHERE customer_id = c.id AND status != 'Voided'), 0) - 
                                  COALESCE((SELECT SUM(amount) FROM customer_payments WHERE customer_id = c.id AND status = 'Active'), 0) - 
                                  COALESCE((SELECT SUM(total_amount) FROM credit_notes WHERE customer_id = c.id), 0)) as outstanding,
                                 i.customer_id, i.created_by, i.rep_route_id, c.territory, c.customer_type
                          FROM invoices i
                          JOIN customers c ON i.customer_id = c.id
                          WHERE i.status != 'Voided'  AND i.invoice_date >= :start_date AND i.invoice_date <= :end_date AND i.created_by = :rep
                          GROUP BY c.id, c.name, c.phone, c.territory, c.customer_type
Params: Array
(
    [:start_date] => 2026-08-01 00:00:00
    [:end_date] => 2026-08-31 23:59:59
    [:rep] => 135
)


2026-08-08 21:36:51 - Report: sales_by_item
SQL: SELECT COALESCE(ii.description, 'Uncategorized/No Item') as item_name, SUM(COALESCE(ii.quantity, 0)) as total_qty,
                                 SUM(
                                     COALESCE(
                                         (ii.total / NULLIF((SELECT SUM(total) FROM invoice_items WHERE invoice_id = i.id), 0)) 
                                         * (i.total_amount - COALESCE(CASE WHEN i.global_discount_type = '%' THEN (i.total_amount * i.global_discount_val / 100) ELSE i.global_discount_val END, 0) + COALESCE(i.tax_amount, 0)), 
                                         (i.total_amount - COALESCE(CASE WHEN i.global_discount_type = '%' THEN (i.total_amount * i.global_discount_val / 100) ELSE i.global_discount_val END, 0) + COALESCE(i.tax_amount, 0))
                                     )
                                 ) as total_revenue,
                                 SUM(COALESCE(ii.quantity, 0) * COALESCE(ii.cost_at_sale, 0)) as total_cost,
                                 SUM(
                                     COALESCE(
                                         (ii.total / NULLIF((SELECT SUM(total) FROM invoice_items WHERE invoice_id = i.id), 0)) 
                                         * (i.total_amount - COALESCE(CASE WHEN i.global_discount_type = '%' THEN (i.total_amount * i.global_discount_val / 100) ELSE i.global_discount_val END, 0)), 
                                         (i.total_amount - COALESCE(CASE WHEN i.global_discount_type = '%' THEN (i.total_amount * i.global_discount_val / 100) ELSE i.global_discount_val END, 0))
                                     )
                                     - (COALESCE(ii.quantity, 0) * COALESCE(ii.cost_at_sale, 0))
                                 ) as gross_profit,
                                 ii.item_id, it.category_id, it.brand
                           FROM invoices i
                           LEFT JOIN invoice_items ii ON ii.invoice_id = i.id
                           JOIN customers c ON i.customer_id = c.id
                           LEFT JOIN items it ON ii.item_id = it.id
                           WHERE i.status != 'Voided'  AND i.invoice_date >= :start_date AND i.invoice_date <= :end_date AND c.id IN (SELECT DISTINCT customer_id FROM invoices WHERE created_by = :rep)
                           GROUP BY ii.description, ii.item_id, it.category_id, it.brand
Params: Array
(
    [:start_date] => 2026-08-01 00:00:00
    [:end_date] => 2026-08-31 23:59:59
    [:rep] => 135
)


2026-08-08 21:36:51 - Report: sales_by_customer
SQL: SELECT c.id, c.name as customer_name, c.phone, COUNT(i.id) as invoice_count,
                                 SUM(i.total_amount - COALESCE(CASE WHEN i.global_discount_type = '%' THEN (i.total_amount * i.global_discount_val / 100) ELSE i.global_discount_val END, 0) + COALESCE(i.tax_amount, 0)) as total_sales,
                                 COALESCE((SELECT SUM(amount) FROM customer_payments WHERE customer_id = c.id AND status = 'Active'), 0) as paid_amount,
                                 (COALESCE(c.opening_balance, 0) + 
                                  COALESCE((SELECT SUM(total_amount - COALESCE(CASE WHEN global_discount_type = '%' THEN (total_amount * global_discount_val / 100) ELSE global_discount_val END, 0) + COALESCE(tax_amount, 0)) FROM invoices WHERE customer_id = c.id AND status != 'Voided'), 0) - 
                                  COALESCE((SELECT SUM(amount) FROM customer_payments WHERE customer_id = c.id AND status = 'Active'), 0) - 
                                  COALESCE((SELECT SUM(total_amount) FROM credit_notes WHERE customer_id = c.id), 0)) as outstanding,
                                 i.customer_id, i.created_by, i.rep_route_id, c.territory, c.customer_type
                          FROM invoices i
                          JOIN customers c ON i.customer_id = c.id
                          WHERE i.status != 'Voided'  AND i.invoice_date >= :start_date AND i.invoice_date <= :end_date AND i.created_by = :rep
                          GROUP BY c.id, c.name, c.phone, c.territory, c.customer_type
Params: Array
(
    [:start_date] => 2026-08-01 00:00:00
    [:end_date] => 2026-08-31 23:59:59
    [:rep] => 137
)


2026-08-08 21:36:51 - Report: sales_by_item
SQL: SELECT COALESCE(ii.description, 'Uncategorized/No Item') as item_name, SUM(COALESCE(ii.quantity, 0)) as total_qty,
                                 SUM(
                                     COALESCE(
                                         (ii.total / NULLIF((SELECT SUM(total) FROM invoice_items WHERE invoice_id = i.id), 0)) 
                                         * (i.total_amount - COALESCE(CASE WHEN i.global_discount_type = '%' THEN (i.total_amount * i.global_discount_val / 100) ELSE i.global_discount_val END, 0) + COALESCE(i.tax_amount, 0)), 
                                         (i.total_amount - COALESCE(CASE WHEN i.global_discount_type = '%' THEN (i.total_amount * i.global_discount_val / 100) ELSE i.global_discount_val END, 0) + COALESCE(i.tax_amount, 0))
                                     )
                                 ) as total_revenue,
                                 SUM(COALESCE(ii.quantity, 0) * COALESCE(ii.cost_at_sale, 0)) as total_cost,
                                 SUM(
                                     COALESCE(
                                         (ii.total / NULLIF((SELECT SUM(total) FROM invoice_items WHERE invoice_id = i.id), 0)) 
                                         * (i.total_amount - COALESCE(CASE WHEN i.global_discount_type = '%' THEN (i.total_amount * i.global_discount_val / 100) ELSE i.global_discount_val END, 0)), 
                                         (i.total_amount - COALESCE(CASE WHEN i.global_discount_type = '%' THEN (i.total_amount * i.global_discount_val / 100) ELSE i.global_discount_val END, 0))
                                     )
                                     - (COALESCE(ii.quantity, 0) * COALESCE(ii.cost_at_sale, 0))
                                 ) as gross_profit,
                                 ii.item_id, it.category_id, it.brand
                           FROM invoices i
                           LEFT JOIN invoice_items ii ON ii.invoice_id = i.id
                           JOIN customers c ON i.customer_id = c.id
                           LEFT JOIN items it ON ii.item_id = it.id
                           WHERE i.status != 'Voided'  AND i.invoice_date >= :start_date AND i.invoice_date <= :end_date AND c.id IN (SELECT DISTINCT customer_id FROM invoices WHERE created_by = :rep)
                           GROUP BY ii.description, ii.item_id, it.category_id, it.brand
Params: Array
(
    [:start_date] => 2026-08-01 00:00:00
    [:end_date] => 2026-08-31 23:59:59
    [:rep] => 137
)


2026-08-08 21:36:51 - Report: sales_by_customer
SQL: SELECT c.id, c.name as customer_name, c.phone, COUNT(i.id) as invoice_count,
                                 SUM(i.total_amount - COALESCE(CASE WHEN i.global_discount_type = '%' THEN (i.total_amount * i.global_discount_val / 100) ELSE i.global_discount_val END, 0) + COALESCE(i.tax_amount, 0)) as total_sales,
                                 COALESCE((SELECT SUM(amount) FROM customer_payments WHERE customer_id = c.id AND status = 'Active'), 0) as paid_amount,
                                 (COALESCE(c.opening_balance, 0) + 
                                  COALESCE((SELECT SUM(total_amount - COALESCE(CASE WHEN global_discount_type = '%' THEN (total_amount * global_discount_val / 100) ELSE global_discount_val END, 0) + COALESCE(tax_amount, 0)) FROM invoices WHERE customer_id = c.id AND status != 'Voided'), 0) - 
                                  COALESCE((SELECT SUM(amount) FROM customer_payments WHERE customer_id = c.id AND status = 'Active'), 0) - 
                                  COALESCE((SELECT SUM(total_amount) FROM credit_notes WHERE customer_id = c.id), 0)) as outstanding,
                                 i.customer_id, i.created_by, i.rep_route_id, c.territory, c.customer_type
                          FROM invoices i
                          JOIN customers c ON i.customer_id = c.id
                          WHERE i.status != 'Voided'  AND i.invoice_date >= :start_date AND i.invoice_date <= :end_date AND i.created_by = :rep
                          GROUP BY c.id, c.name, c.phone, c.territory, c.customer_type
Params: Array
(
    [:start_date] => 2026-08-01 00:00:00
    [:end_date] => 2026-08-31 23:59:59
    [:rep] => 138
)


2026-08-08 21:36:51 - Report: sales_by_item
SQL: SELECT COALESCE(ii.description, 'Uncategorized/No Item') as item_name, SUM(COALESCE(ii.quantity, 0)) as total_qty,
                                 SUM(
                                     COALESCE(
                                         (ii.total / NULLIF((SELECT SUM(total) FROM invoice_items WHERE invoice_id = i.id), 0)) 
                                         * (i.total_amount - COALESCE(CASE WHEN i.global_discount_type = '%' THEN (i.total_amount * i.global_discount_val / 100) ELSE i.global_discount_val END, 0) + COALESCE(i.tax_amount, 0)), 
                                         (i.total_amount - COALESCE(CASE WHEN i.global_discount_type = '%' THEN (i.total_amount * i.global_discount_val / 100) ELSE i.global_discount_val END, 0) + COALESCE(i.tax_amount, 0))
                                     )
                                 ) as total_revenue,
                                 SUM(COALESCE(ii.quantity, 0) * COALESCE(ii.cost_at_sale, 0)) as total_cost,
                                 SUM(
                                     COALESCE(
                                         (ii.total / NULLIF((SELECT SUM(total) FROM invoice_items WHERE invoice_id = i.id), 0)) 
                                         * (i.total_amount - COALESCE(CASE WHEN i.global_discount_type = '%' THEN (i.total_amount * i.global_discount_val / 100) ELSE i.global_discount_val END, 0)), 
                                         (i.total_amount - COALESCE(CASE WHEN i.global_discount_type = '%' THEN (i.total_amount * i.global_discount_val / 100) ELSE i.global_discount_val END, 0))
                                     )
                                     - (COALESCE(ii.quantity, 0) * COALESCE(ii.cost_at_sale, 0))
                                 ) as gross_profit,
                                 ii.item_id, it.category_id, it.brand
                           FROM invoices i
                           LEFT JOIN invoice_items ii ON ii.invoice_id = i.id
                           JOIN customers c ON i.customer_id = c.id
                           LEFT JOIN items it ON ii.item_id = it.id
                           WHERE i.status != 'Voided'  AND i.invoice_date >= :start_date AND i.invoice_date <= :end_date AND c.id IN (SELECT DISTINCT customer_id FROM invoices WHERE created_by = :rep)
                           GROUP BY ii.description, ii.item_id, it.category_id, it.brand
Params: Array
(
    [:start_date] => 2026-08-01 00:00:00
    [:end_date] => 2026-08-31 23:59:59
    [:rep] => 138
)


2026-08-08 21:36:51 - Report: sales_by_customer
SQL: SELECT c.id, c.name as customer_name, c.phone, COUNT(i.id) as invoice_count,
                                 SUM(i.total_amount - COALESCE(CASE WHEN i.global_discount_type = '%' THEN (i.total_amount * i.global_discount_val / 100) ELSE i.global_discount_val END, 0) + COALESCE(i.tax_amount, 0)) as total_sales,
                                 COALESCE((SELECT SUM(amount) FROM customer_payments WHERE customer_id = c.id AND status = 'Active'), 0) as paid_amount,
                                 (COALESCE(c.opening_balance, 0) + 
                                  COALESCE((SELECT SUM(total_amount - COALESCE(CASE WHEN global_discount_type = '%' THEN (total_amount * global_discount_val / 100) ELSE global_discount_val END, 0) + COALESCE(tax_amount, 0)) FROM invoices WHERE customer_id = c.id AND status != 'Voided'), 0) - 
                                  COALESCE((SELECT SUM(amount) FROM customer_payments WHERE customer_id = c.id AND status = 'Active'), 0) - 
                                  COALESCE((SELECT SUM(total_amount) FROM credit_notes WHERE customer_id = c.id), 0)) as outstanding,
                                 i.customer_id, i.created_by, i.rep_route_id, c.territory, c.customer_type
                          FROM invoices i
                          JOIN customers c ON i.customer_id = c.id
                          WHERE i.status != 'Voided'  AND i.invoice_date >= :start_date AND i.invoice_date <= :end_date AND i.created_by = :rep
                          GROUP BY c.id, c.name, c.phone, c.territory, c.customer_type
Params: Array
(
    [:start_date] => 2026-08-01 00:00:00
    [:end_date] => 2026-08-31 23:59:59
    [:rep] => 139
)


2026-08-08 21:36:51 - Report: sales_by_item
SQL: SELECT COALESCE(ii.description, 'Uncategorized/No Item') as item_name, SUM(COALESCE(ii.quantity, 0)) as total_qty,
                                 SUM(
                                     COALESCE(
                                         (ii.total / NULLIF((SELECT SUM(total) FROM invoice_items WHERE invoice_id = i.id), 0)) 
                                         * (i.total_amount - COALESCE(CASE WHEN i.global_discount_type = '%' THEN (i.total_amount * i.global_discount_val / 100) ELSE i.global_discount_val END, 0) + COALESCE(i.tax_amount, 0)), 
                                         (i.total_amount - COALESCE(CASE WHEN i.global_discount_type = '%' THEN (i.total_amount * i.global_discount_val / 100) ELSE i.global_discount_val END, 0) + COALESCE(i.tax_amount, 0))
                                     )
                                 ) as total_revenue,
                                 SUM(COALESCE(ii.quantity, 0) * COALESCE(ii.cost_at_sale, 0)) as total_cost,
                                 SUM(
                                     COALESCE(
                                         (ii.total / NULLIF((SELECT SUM(total) FROM invoice_items WHERE invoice_id = i.id), 0)) 
                                         * (i.total_amount - COALESCE(CASE WHEN i.global_discount_type = '%' THEN (i.total_amount * i.global_discount_val / 100) ELSE i.global_discount_val END, 0)), 
                                         (i.total_amount - COALESCE(CASE WHEN i.global_discount_type = '%' THEN (i.total_amount * i.global_discount_val / 100) ELSE i.global_discount_val END, 0))
                                     )
                                     - (COALESCE(ii.quantity, 0) * COALESCE(ii.cost_at_sale, 0))
                                 ) as gross_profit,
                                 ii.item_id, it.category_id, it.brand
                           FROM invoices i
                           LEFT JOIN invoice_items ii ON ii.invoice_id = i.id
                           JOIN customers c ON i.customer_id = c.id
                           LEFT JOIN items it ON ii.item_id = it.id
                           WHERE i.status != 'Voided'  AND i.invoice_date >= :start_date AND i.invoice_date <= :end_date AND c.id IN (SELECT DISTINCT customer_id FROM invoices WHERE created_by = :rep)
                           GROUP BY ii.description, ii.item_id, it.category_id, it.brand
Params: Array
(
    [:start_date] => 2026-08-01 00:00:00
    [:end_date] => 2026-08-31 23:59:59
    [:rep] => 139
)


2026-08-08 21:36:51 - Report: sales_by_customer
SQL: SELECT c.id, c.name as customer_name, c.phone, COUNT(i.id) as invoice_count,
                                 SUM(i.total_amount - COALESCE(CASE WHEN i.global_discount_type = '%' THEN (i.total_amount * i.global_discount_val / 100) ELSE i.global_discount_val END, 0) + COALESCE(i.tax_amount, 0)) as total_sales,
                                 COALESCE((SELECT SUM(amount) FROM customer_payments WHERE customer_id = c.id AND status = 'Active'), 0) as paid_amount,
                                 (COALESCE(c.opening_balance, 0) + 
                                  COALESCE((SELECT SUM(total_amount - COALESCE(CASE WHEN global_discount_type = '%' THEN (total_amount * global_discount_val / 100) ELSE global_discount_val END, 0) + COALESCE(tax_amount, 0)) FROM invoices WHERE customer_id = c.id AND status != 'Voided'), 0) - 
                                  COALESCE((SELECT SUM(amount) FROM customer_payments WHERE customer_id = c.id AND status = 'Active'), 0) - 
                                  COALESCE((SELECT SUM(total_amount) FROM credit_notes WHERE customer_id = c.id), 0)) as outstanding,
                                 i.customer_id, i.created_by, i.rep_route_id, c.territory, c.customer_type
                          FROM invoices i
                          JOIN customers c ON i.customer_id = c.id
                          WHERE i.status != 'Voided'  AND i.invoice_date >= :start_date AND i.invoice_date <= :end_date AND i.created_by = :rep
                          GROUP BY c.id, c.name, c.phone, c.territory, c.customer_type
Params: Array
(
    [:start_date] => 2026-08-01 00:00:00
    [:end_date] => 2026-08-31 23:59:59
    [:rep] => 141
)


2026-08-08 21:36:51 - Report: sales_by_item
SQL: SELECT COALESCE(ii.description, 'Uncategorized/No Item') as item_name, SUM(COALESCE(ii.quantity, 0)) as total_qty,
                                 SUM(
                                     COALESCE(
                                         (ii.total / NULLIF((SELECT SUM(total) FROM invoice_items WHERE invoice_id = i.id), 0)) 
                                         * (i.total_amount - COALESCE(CASE WHEN i.global_discount_type = '%' THEN (i.total_amount * i.global_discount_val / 100) ELSE i.global_discount_val END, 0) + COALESCE(i.tax_amount, 0)), 
                                         (i.total_amount - COALESCE(CASE WHEN i.global_discount_type = '%' THEN (i.total_amount * i.global_discount_val / 100) ELSE i.global_discount_val END, 0) + COALESCE(i.tax_amount, 0))
                                     )
                                 ) as total_revenue,
                                 SUM(COALESCE(ii.quantity, 0) * COALESCE(ii.cost_at_sale, 0)) as total_cost,
                                 SUM(
                                     COALESCE(
                                         (ii.total / NULLIF((SELECT SUM(total) FROM invoice_items WHERE invoice_id = i.id), 0)) 
                                         * (i.total_amount - COALESCE(CASE WHEN i.global_discount_type = '%' THEN (i.total_amount * i.global_discount_val / 100) ELSE i.global_discount_val END, 0)), 
                                         (i.total_amount - COALESCE(CASE WHEN i.global_discount_type = '%' THEN (i.total_amount * i.global_discount_val / 100) ELSE i.global_discount_val END, 0))
                                     )
                                     - (COALESCE(ii.quantity, 0) * COALESCE(ii.cost_at_sale, 0))
                                 ) as gross_profit,
                                 ii.item_id, it.category_id, it.brand
                           FROM invoices i
                           LEFT JOIN invoice_items ii ON ii.invoice_id = i.id
                           JOIN customers c ON i.customer_id = c.id
                           LEFT JOIN items it ON ii.item_id = it.id
                           WHERE i.status != 'Voided'  AND i.invoice_date >= :start_date AND i.invoice_date <= :end_date AND c.id IN (SELECT DISTINCT customer_id FROM invoices WHERE created_by = :rep)
                           GROUP BY ii.description, ii.item_id, it.category_id, it.brand
Params: Array
(
    [:start_date] => 2026-08-01 00:00:00
    [:end_date] => 2026-08-31 23:59:59
    [:rep] => 141
)


2026-08-08 21:36:51 - Report: sales_by_customer
SQL: SELECT c.id, c.name as customer_name, c.phone, COUNT(i.id) as invoice_count,
                                 SUM(i.total_amount - COALESCE(CASE WHEN i.global_discount_type = '%' THEN (i.total_amount * i.global_discount_val / 100) ELSE i.global_discount_val END, 0) + COALESCE(i.tax_amount, 0)) as total_sales,
                                 COALESCE((SELECT SUM(amount) FROM customer_payments WHERE customer_id = c.id AND status = 'Active'), 0) as paid_amount,
                                 (COALESCE(c.opening_balance, 0) + 
                                  COALESCE((SELECT SUM(total_amount - COALESCE(CASE WHEN global_discount_type = '%' THEN (total_amount * global_discount_val / 100) ELSE global_discount_val END, 0) + COALESCE(tax_amount, 0)) FROM invoices WHERE customer_id = c.id AND status != 'Voided'), 0) - 
                                  COALESCE((SELECT SUM(amount) FROM customer_payments WHERE customer_id = c.id AND status = 'Active'), 0) - 
                                  COALESCE((SELECT SUM(total_amount) FROM credit_notes WHERE customer_id = c.id), 0)) as outstanding,
                                 i.customer_id, i.created_by, i.rep_route_id, c.territory, c.customer_type
                          FROM invoices i
                          JOIN customers c ON i.customer_id = c.id
                          WHERE i.status != 'Voided'  AND i.invoice_date >= :start_date AND i.invoice_date <= :end_date AND i.created_by = :rep
                          GROUP BY c.id, c.name, c.phone, c.territory, c.customer_type
Params: Array
(
    [:start_date] => 2026-08-01 00:00:00
    [:end_date] => 2026-08-31 23:59:59
    [:rep] => 142
)


2026-08-08 21:36:51 - Report: sales_by_item
SQL: SELECT COALESCE(ii.description, 'Uncategorized/No Item') as item_name, SUM(COALESCE(ii.quantity, 0)) as total_qty,
                                 SUM(
                                     COALESCE(
                                         (ii.total / NULLIF((SELECT SUM(total) FROM invoice_items WHERE invoice_id = i.id), 0)) 
                                         * (i.total_amount - COALESCE(CASE WHEN i.global_discount_type = '%' THEN (i.total_amount * i.global_discount_val / 100) ELSE i.global_discount_val END, 0) + COALESCE(i.tax_amount, 0)), 
                                         (i.total_amount - COALESCE(CASE WHEN i.global_discount_type = '%' THEN (i.total_amount * i.global_discount_val / 100) ELSE i.global_discount_val END, 0) + COALESCE(i.tax_amount, 0))
                                     )
                                 ) as total_revenue,
                                 SUM(COALESCE(ii.quantity, 0) * COALESCE(ii.cost_at_sale, 0)) as total_cost,
                                 SUM(
                                     COALESCE(
                                         (ii.total / NULLIF((SELECT SUM(total) FROM invoice_items WHERE invoice_id = i.id), 0)) 
                                         * (i.total_amount - COALESCE(CASE WHEN i.global_discount_type = '%' THEN (i.total_amount * i.global_discount_val / 100) ELSE i.global_discount_val END, 0)), 
                                         (i.total_amount - COALESCE(CASE WHEN i.global_discount_type = '%' THEN (i.total_amount * i.global_discount_val / 100) ELSE i.global_discount_val END, 0))
                                     )
                                     - (COALESCE(ii.quantity, 0) * COALESCE(ii.cost_at_sale, 0))
                                 ) as gross_profit,
                                 ii.item_id, it.category_id, it.brand
                           FROM invoices i
                           LEFT JOIN invoice_items ii ON ii.invoice_id = i.id
                           JOIN customers c ON i.customer_id = c.id
                           LEFT JOIN items it ON ii.item_id = it.id
                           WHERE i.status != 'Voided'  AND i.invoice_date >= :start_date AND i.invoice_date <= :end_date AND c.id IN (SELECT DISTINCT customer_id FROM invoices WHERE created_by = :rep)
                           GROUP BY ii.description, ii.item_id, it.category_id, it.brand
Params: Array
(
    [:start_date] => 2026-08-01 00:00:00
    [:end_date] => 2026-08-31 23:59:59
    [:rep] => 142
)


2026-08-08 21:36:51 - Report: sales_by_customer
SQL: SELECT c.id, c.name as customer_name, c.phone, COUNT(i.id) as invoice_count,
                                 SUM(i.total_amount - COALESCE(CASE WHEN i.global_discount_type = '%' THEN (i.total_amount * i.global_discount_val / 100) ELSE i.global_discount_val END, 0) + COALESCE(i.tax_amount, 0)) as total_sales,
                                 COALESCE((SELECT SUM(amount) FROM customer_payments WHERE customer_id = c.id AND status = 'Active'), 0) as paid_amount,
                                 (COALESCE(c.opening_balance, 0) + 
                                  COALESCE((SELECT SUM(total_amount - COALESCE(CASE WHEN global_discount_type = '%' THEN (total_amount * global_discount_val / 100) ELSE global_discount_val END, 0) + COALESCE(tax_amount, 0)) FROM invoices WHERE customer_id = c.id AND status != 'Voided'), 0) - 
                                  COALESCE((SELECT SUM(amount) FROM customer_payments WHERE customer_id = c.id AND status = 'Active'), 0) - 
                                  COALESCE((SELECT SUM(total_amount) FROM credit_notes WHERE customer_id = c.id), 0)) as outstanding,
                                 i.customer_id, i.created_by, i.rep_route_id, c.territory, c.customer_type
                          FROM invoices i
                          JOIN customers c ON i.customer_id = c.id
                          WHERE i.status != 'Voided'  AND i.invoice_date >= :start_date AND i.invoice_date <= :end_date AND i.created_by = :rep
                          GROUP BY c.id, c.name, c.phone, c.territory, c.customer_type
Params: Array
(
    [:start_date] => 2026-08-01 00:00:00
    [:end_date] => 2026-08-31 23:59:59
    [:rep] => 143
)


2026-08-08 21:36:51 - Report: sales_by_item
SQL: SELECT COALESCE(ii.description, 'Uncategorized/No Item') as item_name, SUM(COALESCE(ii.quantity, 0)) as total_qty,
                                 SUM(
                                     COALESCE(
                                         (ii.total / NULLIF((SELECT SUM(total) FROM invoice_items WHERE invoice_id = i.id), 0)) 
                                         * (i.total_amount - COALESCE(CASE WHEN i.global_discount_type = '%' THEN (i.total_amount * i.global_discount_val / 100) ELSE i.global_discount_val END, 0) + COALESCE(i.tax_amount, 0)), 
                                         (i.total_amount - COALESCE(CASE WHEN i.global_discount_type = '%' THEN (i.total_amount * i.global_discount_val / 100) ELSE i.global_discount_val END, 0) + COALESCE(i.tax_amount, 0))
                                     )
                                 ) as total_revenue,
                                 SUM(COALESCE(ii.quantity, 0) * COALESCE(ii.cost_at_sale, 0)) as total_cost,
                                 SUM(
                                     COALESCE(
                                         (ii.total / NULLIF((SELECT SUM(total) FROM invoice_items WHERE invoice_id = i.id), 0)) 
                                         * (i.total_amount - COALESCE(CASE WHEN i.global_discount_type = '%' THEN (i.total_amount * i.global_discount_val / 100) ELSE i.global_discount_val END, 0)), 
                                         (i.total_amount - COALESCE(CASE WHEN i.global_discount_type = '%' THEN (i.total_amount * i.global_discount_val / 100) ELSE i.global_discount_val END, 0))
                                     )
                                     - (COALESCE(ii.quantity, 0) * COALESCE(ii.cost_at_sale, 0))
                                 ) as gross_profit,
                                 ii.item_id, it.category_id, it.brand
                           FROM invoices i
                           LEFT JOIN invoice_items ii ON ii.invoice_id = i.id
                           JOIN customers c ON i.customer_id = c.id
                           LEFT JOIN items it ON ii.item_id = it.id
                           WHERE i.status != 'Voided'  AND i.invoice_date >= :start_date AND i.invoice_date <= :end_date AND c.id IN (SELECT DISTINCT customer_id FROM invoices WHERE created_by = :rep)
                           GROUP BY ii.description, ii.item_id, it.category_id, it.brand
Params: Array
(
    [:start_date] => 2026-08-01 00:00:00
    [:end_date] => 2026-08-31 23:59:59
    [:rep] => 143
)


2026-08-08 21:36:51 - Report: sales_by_customer
SQL: SELECT c.id, c.name as customer_name, c.phone, COUNT(i.id) as invoice_count,
                                 SUM(i.total_amount - COALESCE(CASE WHEN i.global_discount_type = '%' THEN (i.total_amount * i.global_discount_val / 100) ELSE i.global_discount_val END, 0) + COALESCE(i.tax_amount, 0)) as total_sales,
                                 COALESCE((SELECT SUM(amount) FROM customer_payments WHERE customer_id = c.id AND status = 'Active'), 0) as paid_amount,
                                 (COALESCE(c.opening_balance, 0) + 
                                  COALESCE((SELECT SUM(total_amount - COALESCE(CASE WHEN global_discount_type = '%' THEN (total_amount * global_discount_val / 100) ELSE global_discount_val END, 0) + COALESCE(tax_amount, 0)) FROM invoices WHERE customer_id = c.id AND status != 'Voided'), 0) - 
                                  COALESCE((SELECT SUM(amount) FROM customer_payments WHERE customer_id = c.id AND status = 'Active'), 0) - 
                                  COALESCE((SELECT SUM(total_amount) FROM credit_notes WHERE customer_id = c.id), 0)) as outstanding,
                                 i.customer_id, i.created_by, i.rep_route_id, c.territory, c.customer_type
                          FROM invoices i
                          JOIN customers c ON i.customer_id = c.id
                          WHERE i.status != 'Voided'  AND i.invoice_date >= :start_date AND i.invoice_date <= :end_date AND i.created_by = :rep
                          GROUP BY c.id, c.name, c.phone, c.territory, c.customer_type
Params: Array
(
    [:start_date] => 2026-08-01 00:00:00
    [:end_date] => 2026-08-31 23:59:59
    [:rep] => 144
)


2026-08-08 21:36:51 - Report: sales_by_item
SQL: SELECT COALESCE(ii.description, 'Uncategorized/No Item') as item_name, SUM(COALESCE(ii.quantity, 0)) as total_qty,
                                 SUM(
                                     COALESCE(
                                         (ii.total / NULLIF((SELECT SUM(total) FROM invoice_items WHERE invoice_id = i.id), 0)) 
                                         * (i.total_amount - COALESCE(CASE WHEN i.global_discount_type = '%' THEN (i.total_amount * i.global_discount_val / 100) ELSE i.global_discount_val END, 0) + COALESCE(i.tax_amount, 0)), 
                                         (i.total_amount - COALESCE(CASE WHEN i.global_discount_type = '%' THEN (i.total_amount * i.global_discount_val / 100) ELSE i.global_discount_val END, 0) + COALESCE(i.tax_amount, 0))
                                     )
                                 ) as total_revenue,
                                 SUM(COALESCE(ii.quantity, 0) * COALESCE(ii.cost_at_sale, 0)) as total_cost,
                                 SUM(
                                     COALESCE(
                                         (ii.total / NULLIF((SELECT SUM(total) FROM invoice_items WHERE invoice_id = i.id), 0)) 
                                         * (i.total_amount - COALESCE(CASE WHEN i.global_discount_type = '%' THEN (i.total_amount * i.global_discount_val / 100) ELSE i.global_discount_val END, 0)), 
                                         (i.total_amount - COALESCE(CASE WHEN i.global_discount_type = '%' THEN (i.total_amount * i.global_discount_val / 100) ELSE i.global_discount_val END, 0))
                                     )
                                     - (COALESCE(ii.quantity, 0) * COALESCE(ii.cost_at_sale, 0))
                                 ) as gross_profit,
                                 ii.item_id, it.category_id, it.brand
                           FROM invoices i
                           LEFT JOIN invoice_items ii ON ii.invoice_id = i.id
                           JOIN customers c ON i.customer_id = c.id
                           LEFT JOIN items it ON ii.item_id = it.id
                           WHERE i.status != 'Voided'  AND i.invoice_date >= :start_date AND i.invoice_date <= :end_date AND c.id IN (SELECT DISTINCT customer_id FROM invoices WHERE created_by = :rep)
                           GROUP BY ii.description, ii.item_id, it.category_id, it.brand
Params: Array
(
    [:start_date] => 2026-08-01 00:00:00
    [:end_date] => 2026-08-31 23:59:59
    [:rep] => 144
)


2026-08-08 21:36:51 - Report: sales_by_customer
SQL: SELECT c.id, c.name as customer_name, c.phone, COUNT(i.id) as invoice_count,
                                 SUM(i.total_amount - COALESCE(CASE WHEN i.global_discount_type = '%' THEN (i.total_amount * i.global_discount_val / 100) ELSE i.global_discount_val END, 0) + COALESCE(i.tax_amount, 0)) as total_sales,
                                 COALESCE((SELECT SUM(amount) FROM customer_payments WHERE customer_id = c.id AND status = 'Active'), 0) as paid_amount,
                                 (COALESCE(c.opening_balance, 0) + 
                                  COALESCE((SELECT SUM(total_amount - COALESCE(CASE WHEN global_discount_type = '%' THEN (total_amount * global_discount_val / 100) ELSE global_discount_val END, 0) + COALESCE(tax_amount, 0)) FROM invoices WHERE customer_id = c.id AND status != 'Voided'), 0) - 
                                  COALESCE((SELECT SUM(amount) FROM customer_payments WHERE customer_id = c.id AND status = 'Active'), 0) - 
                                  COALESCE((SELECT SUM(total_amount) FROM credit_notes WHERE customer_id = c.id), 0)) as outstanding,
                                 i.customer_id, i.created_by, i.rep_route_id, c.territory, c.customer_type
                          FROM invoices i
                          JOIN customers c ON i.customer_id = c.id
                          WHERE i.status != 'Voided'  AND i.invoice_date >= :start_date AND i.invoice_date <= :end_date AND i.created_by = :rep
                          GROUP BY c.id, c.name, c.phone, c.territory, c.customer_type
Params: Array
(
    [:start_date] => 2026-08-01 00:00:00
    [:end_date] => 2026-08-31 23:59:59
    [:rep] => 145
)


2026-08-08 21:36:51 - Report: sales_by_item
SQL: SELECT COALESCE(ii.description, 'Uncategorized/No Item') as item_name, SUM(COALESCE(ii.quantity, 0)) as total_qty,
                                 SUM(
                                     COALESCE(
                                         (ii.total / NULLIF((SELECT SUM(total) FROM invoice_items WHERE invoice_id = i.id), 0)) 
                                         * (i.total_amount - COALESCE(CASE WHEN i.global_discount_type = '%' THEN (i.total_amount * i.global_discount_val / 100) ELSE i.global_discount_val END, 0) + COALESCE(i.tax_amount, 0)), 
                                         (i.total_amount - COALESCE(CASE WHEN i.global_discount_type = '%' THEN (i.total_amount * i.global_discount_val / 100) ELSE i.global_discount_val END, 0) + COALESCE(i.tax_amount, 0))
                                     )
                                 ) as total_revenue,
                                 SUM(COALESCE(ii.quantity, 0) * COALESCE(ii.cost_at_sale, 0)) as total_cost,
                                 SUM(
                                     COALESCE(
                                         (ii.total / NULLIF((SELECT SUM(total) FROM invoice_items WHERE invoice_id = i.id), 0)) 
                                         * (i.total_amount - COALESCE(CASE WHEN i.global_discount_type = '%' THEN (i.total_amount * i.global_discount_val / 100) ELSE i.global_discount_val END, 0)), 
                                         (i.total_amount - COALESCE(CASE WHEN i.global_discount_type = '%' THEN (i.total_amount * i.global_discount_val / 100) ELSE i.global_discount_val END, 0))
                                     )
                                     - (COALESCE(ii.quantity, 0) * COALESCE(ii.cost_at_sale, 0))
                                 ) as gross_profit,
                                 ii.item_id, it.category_id, it.brand
                           FROM invoices i
                           LEFT JOIN invoice_items ii ON ii.invoice_id = i.id
                           JOIN customers c ON i.customer_id = c.id
                           LEFT JOIN items it ON ii.item_id = it.id
                           WHERE i.status != 'Voided'  AND i.invoice_date >= :start_date AND i.invoice_date <= :end_date AND c.id IN (SELECT DISTINCT customer_id FROM invoices WHERE created_by = :rep)
                           GROUP BY ii.description, ii.item_id, it.category_id, it.brand
Params: Array
(
    [:start_date] => 2026-08-01 00:00:00
    [:end_date] => 2026-08-31 23:59:59
    [:rep] => 145
)


2026-08-08 21:36:51 - Report: sales_by_customer
SQL: SELECT c.id, c.name as customer_name, c.phone, COUNT(i.id) as invoice_count,
                                 SUM(i.total_amount - COALESCE(CASE WHEN i.global_discount_type = '%' THEN (i.total_amount * i.global_discount_val / 100) ELSE i.global_discount_val END, 0) + COALESCE(i.tax_amount, 0)) as total_sales,
                                 COALESCE((SELECT SUM(amount) FROM customer_payments WHERE customer_id = c.id AND status = 'Active'), 0) as paid_amount,
                                 (COALESCE(c.opening_balance, 0) + 
                                  COALESCE((SELECT SUM(total_amount - COALESCE(CASE WHEN global_discount_type = '%' THEN (total_amount * global_discount_val / 100) ELSE global_discount_val END, 0) + COALESCE(tax_amount, 0)) FROM invoices WHERE customer_id = c.id AND status != 'Voided'), 0) - 
                                  COALESCE((SELECT SUM(amount) FROM customer_payments WHERE customer_id = c.id AND status = 'Active'), 0) - 
                                  COALESCE((SELECT SUM(total_amount) FROM credit_notes WHERE customer_id = c.id), 0)) as outstanding,
                                 i.customer_id, i.created_by, i.rep_route_id, c.territory, c.customer_type
                          FROM invoices i
                          JOIN customers c ON i.customer_id = c.id
                          WHERE i.status != 'Voided'  AND i.invoice_date >= :start_date AND i.invoice_date <= :end_date AND i.created_by = :rep
                          GROUP BY c.id, c.name, c.phone, c.territory, c.customer_type
Params: Array
(
    [:start_date] => 2026-08-01 00:00:00
    [:end_date] => 2026-08-31 23:59:59
    [:rep] => 146
)


2026-08-08 21:36:51 - Report: sales_by_item
SQL: SELECT COALESCE(ii.description, 'Uncategorized/No Item') as item_name, SUM(COALESCE(ii.quantity, 0)) as total_qty,
                                 SUM(
                                     COALESCE(
                                         (ii.total / NULLIF((SELECT SUM(total) FROM invoice_items WHERE invoice_id = i.id), 0)) 
                                         * (i.total_amount - COALESCE(CASE WHEN i.global_discount_type = '%' THEN (i.total_amount * i.global_discount_val / 100) ELSE i.global_discount_val END, 0) + COALESCE(i.tax_amount, 0)), 
                                         (i.total_amount - COALESCE(CASE WHEN i.global_discount_type = '%' THEN (i.total_amount * i.global_discount_val / 100) ELSE i.global_discount_val END, 0) + COALESCE(i.tax_amount, 0))
                                     )
                                 ) as total_revenue,
                                 SUM(COALESCE(ii.quantity, 0) * COALESCE(ii.cost_at_sale, 0)) as total_cost,
                                 SUM(
                                     COALESCE(
                                         (ii.total / NULLIF((SELECT SUM(total) FROM invoice_items WHERE invoice_id = i.id), 0)) 
                                         * (i.total_amount - COALESCE(CASE WHEN i.global_discount_type = '%' THEN (i.total_amount * i.global_discount_val / 100) ELSE i.global_discount_val END, 0)), 
                                         (i.total_amount - COALESCE(CASE WHEN i.global_discount_type = '%' THEN (i.total_amount * i.global_discount_val / 100) ELSE i.global_discount_val END, 0))
                                     )
                                     - (COALESCE(ii.quantity, 0) * COALESCE(ii.cost_at_sale, 0))
                                 ) as gross_profit,
                                 ii.item_id, it.category_id, it.brand
                           FROM invoices i
                           LEFT JOIN invoice_items ii ON ii.invoice_id = i.id
                           JOIN customers c ON i.customer_id = c.id
                           LEFT JOIN items it ON ii.item_id = it.id
                           WHERE i.status != 'Voided'  AND i.invoice_date >= :start_date AND i.invoice_date <= :end_date AND c.id IN (SELECT DISTINCT customer_id FROM invoices WHERE created_by = :rep)
                           GROUP BY ii.description, ii.item_id, it.category_id, it.brand
Params: Array
(
    [:start_date] => 2026-08-01 00:00:00
    [:end_date] => 2026-08-31 23:59:59
    [:rep] => 146
)


2026-08-08 21:37:22 - Report: sales_by_customer
SQL: SELECT c.id, c.name as customer_name, c.phone, COUNT(i.id) as invoice_count,
                                 SUM(i.total_amount - COALESCE(CASE WHEN i.global_discount_type = '%' THEN (i.total_amount * i.global_discount_val / 100) ELSE i.global_discount_val END, 0) + COALESCE(i.tax_amount, 0)) as total_sales,
                                 COALESCE((SELECT SUM(amount) FROM customer_payments WHERE customer_id = c.id AND status = 'Active'), 0) as paid_amount,
                                 (COALESCE(c.opening_balance, 0) + 
                                  COALESCE((SELECT SUM(total_amount - COALESCE(CASE WHEN global_discount_type = '%' THEN (total_amount * global_discount_val / 100) ELSE global_discount_val END, 0) + COALESCE(tax_amount, 0)) FROM invoices WHERE customer_id = c.id AND status != 'Voided'), 0) - 
                                  COALESCE((SELECT SUM(amount) FROM customer_payments WHERE customer_id = c.id AND status = 'Active'), 0) - 
                                  COALESCE((SELECT SUM(total_amount) FROM credit_notes WHERE customer_id = c.id), 0)) as outstanding,
                                 i.customer_id, i.created_by, i.rep_route_id, c.territory, c.customer_type
                          FROM invoices i
                          JOIN customers c ON i.customer_id = c.id
                          WHERE i.status != 'Voided'  AND i.invoice_date >= :start_date AND i.invoice_date <= :end_date AND i.created_by = :rep
                          GROUP BY c.id, c.name, c.phone, c.territory, c.customer_type
Params: Array
(
    [:start_date] => 2026-08-01 00:00:00
    [:end_date] => 2026-08-31 23:59:59
    [:rep] => 70
)


2026-08-08 21:37:22 - Report: sales_by_item
SQL: SELECT COALESCE(ii.description, 'Uncategorized/No Item') as item_name, SUM(COALESCE(ii.quantity, 0)) as total_qty,
                                 SUM(
                                     COALESCE(
                                         (ii.total / NULLIF((SELECT SUM(total) FROM invoice_items WHERE invoice_id = i.id), 0)) 
                                         * (i.total_amount - COALESCE(CASE WHEN i.global_discount_type = '%' THEN (i.total_amount * i.global_discount_val / 100) ELSE i.global_discount_val END, 0) + COALESCE(i.tax_amount, 0)), 
                                         (i.total_amount - COALESCE(CASE WHEN i.global_discount_type = '%' THEN (i.total_amount * i.global_discount_val / 100) ELSE i.global_discount_val END, 0) + COALESCE(i.tax_amount, 0))
                                     )
                                 ) as total_revenue,
                                 SUM(COALESCE(ii.quantity, 0) * COALESCE(ii.cost_at_sale, 0)) as total_cost,
                                 SUM(
                                     COALESCE(
                                         (ii.total / NULLIF((SELECT SUM(total) FROM invoice_items WHERE invoice_id = i.id), 0)) 
                                         * (i.total_amount - COALESCE(CASE WHEN i.global_discount_type = '%' THEN (i.total_amount * i.global_discount_val / 100) ELSE i.global_discount_val END, 0)), 
                                         (i.total_amount - COALESCE(CASE WHEN i.global_discount_type = '%' THEN (i.total_amount * i.global_discount_val / 100) ELSE i.global_discount_val END, 0))
                                     )
                                     - (COALESCE(ii.quantity, 0) * COALESCE(ii.cost_at_sale, 0))
                                 ) as gross_profit,
                                 ii.item_id, it.category_id, it.brand
                           FROM invoices i
                           LEFT JOIN invoice_items ii ON ii.invoice_id = i.id
                           JOIN customers c ON i.customer_id = c.id
                           LEFT JOIN items it ON ii.item_id = it.id
                           WHERE i.status != 'Voided'  AND i.invoice_date >= :start_date AND i.invoice_date <= :end_date AND c.id IN (SELECT DISTINCT customer_id FROM invoices WHERE created_by = :rep)
                           GROUP BY ii.description, ii.item_id, it.category_id, it.brand
Params: Array
(
    [:start_date] => 2026-08-01 00:00:00
    [:end_date] => 2026-08-31 23:59:59
    [:rep] => 70
)


2026-08-08 21:37:22 - Report: sales_by_customer
SQL: SELECT c.id, c.name as customer_name, c.phone, COUNT(i.id) as invoice_count,
                                 SUM(i.total_amount - COALESCE(CASE WHEN i.global_discount_type = '%' THEN (i.total_amount * i.global_discount_val / 100) ELSE i.global_discount_val END, 0) + COALESCE(i.tax_amount, 0)) as total_sales,
                                 COALESCE((SELECT SUM(amount) FROM customer_payments WHERE customer_id = c.id AND status = 'Active'), 0) as paid_amount,
                                 (COALESCE(c.opening_balance, 0) + 
                                  COALESCE((SELECT SUM(total_amount - COALESCE(CASE WHEN global_discount_type = '%' THEN (total_amount * global_discount_val / 100) ELSE global_discount_val END, 0) + COALESCE(tax_amount, 0)) FROM invoices WHERE customer_id = c.id AND status != 'Voided'), 0) - 
                                  COALESCE((SELECT SUM(amount) FROM customer_payments WHERE customer_id = c.id AND status = 'Active'), 0) - 
                                  COALESCE((SELECT SUM(total_amount) FROM credit_notes WHERE customer_id = c.id), 0)) as outstanding,
                                 i.customer_id, i.created_by, i.rep_route_id, c.territory, c.customer_type
                          FROM invoices i
                          JOIN customers c ON i.customer_id = c.id
                          WHERE i.status != 'Voided'  AND i.invoice_date >= :start_date AND i.invoice_date <= :end_date AND i.created_by = :rep
                          GROUP BY c.id, c.name, c.phone, c.territory, c.customer_type
Params: Array
(
    [:start_date] => 2026-08-01 00:00:00
    [:end_date] => 2026-08-31 23:59:59
    [:rep] => 86
)


2026-08-08 21:37:22 - Report: sales_by_item
SQL: SELECT COALESCE(ii.description, 'Uncategorized/No Item') as item_name, SUM(COALESCE(ii.quantity, 0)) as total_qty,
                                 SUM(
                                     COALESCE(
                                         (ii.total / NULLIF((SELECT SUM(total) FROM invoice_items WHERE invoice_id = i.id), 0)) 
                                         * (i.total_amount - COALESCE(CASE WHEN i.global_discount_type = '%' THEN (i.total_amount * i.global_discount_val / 100) ELSE i.global_discount_val END, 0) + COALESCE(i.tax_amount, 0)), 
                                         (i.total_amount - COALESCE(CASE WHEN i.global_discount_type = '%' THEN (i.total_amount * i.global_discount_val / 100) ELSE i.global_discount_val END, 0) + COALESCE(i.tax_amount, 0))
                                     )
                                 ) as total_revenue,
                                 SUM(COALESCE(ii.quantity, 0) * COALESCE(ii.cost_at_sale, 0)) as total_cost,
                                 SUM(
                                     COALESCE(
                                         (ii.total / NULLIF((SELECT SUM(total) FROM invoice_items WHERE invoice_id = i.id), 0)) 
                                         * (i.total_amount - COALESCE(CASE WHEN i.global_discount_type = '%' THEN (i.total_amount * i.global_discount_val / 100) ELSE i.global_discount_val END, 0)), 
                                         (i.total_amount - COALESCE(CASE WHEN i.global_discount_type = '%' THEN (i.total_amount * i.global_discount_val / 100) ELSE i.global_discount_val END, 0))
                                     )
                                     - (COALESCE(ii.quantity, 0) * COALESCE(ii.cost_at_sale, 0))
                                 ) as gross_profit,
                                 ii.item_id, it.category_id, it.brand
                           FROM invoices i
                           LEFT JOIN invoice_items ii ON ii.invoice_id = i.id
                           JOIN customers c ON i.customer_id = c.id
                           LEFT JOIN items it ON ii.item_id = it.id
                           WHERE i.status != 'Voided'  AND i.invoice_date >= :start_date AND i.invoice_date <= :end_date AND c.id IN (SELECT DISTINCT customer_id FROM invoices WHERE created_by = :rep)
                           GROUP BY ii.description, ii.item_id, it.category_id, it.brand
Params: Array
(
    [:start_date] => 2026-08-01 00:00:00
    [:end_date] => 2026-08-31 23:59:59
    [:rep] => 86
)


2026-08-08 21:37:22 - Report: sales_by_customer
SQL: SELECT c.id, c.name as customer_name, c.phone, COUNT(i.id) as invoice_count,
                                 SUM(i.total_amount - COALESCE(CASE WHEN i.global_discount_type = '%' THEN (i.total_amount * i.global_discount_val / 100) ELSE i.global_discount_val END, 0) + COALESCE(i.tax_amount, 0)) as total_sales,
                                 COALESCE((SELECT SUM(amount) FROM customer_payments WHERE customer_id = c.id AND status = 'Active'), 0) as paid_amount,
                                 (COALESCE(c.opening_balance, 0) + 
                                  COALESCE((SELECT SUM(total_amount - COALESCE(CASE WHEN global_discount_type = '%' THEN (total_amount * global_discount_val / 100) ELSE global_discount_val END, 0) + COALESCE(tax_amount, 0)) FROM invoices WHERE customer_id = c.id AND status != 'Voided'), 0) - 
                                  COALESCE((SELECT SUM(amount) FROM customer_payments WHERE customer_id = c.id AND status = 'Active'), 0) - 
                                  COALESCE((SELECT SUM(total_amount) FROM credit_notes WHERE customer_id = c.id), 0)) as outstanding,
                                 i.customer_id, i.created_by, i.rep_route_id, c.territory, c.customer_type
                          FROM invoices i
                          JOIN customers c ON i.customer_id = c.id
                          WHERE i.status != 'Voided'  AND i.invoice_date >= :start_date AND i.invoice_date <= :end_date AND i.created_by = :rep
                          GROUP BY c.id, c.name, c.phone, c.territory, c.customer_type
Params: Array
(
    [:start_date] => 2026-08-01 00:00:00
    [:end_date] => 2026-08-31 23:59:59
    [:rep] => 105
)


2026-08-08 21:37:22 - Report: sales_by_item
SQL: SELECT COALESCE(ii.description, 'Uncategorized/No Item') as item_name, SUM(COALESCE(ii.quantity, 0)) as total_qty,
                                 SUM(
                                     COALESCE(
                                         (ii.total / NULLIF((SELECT SUM(total) FROM invoice_items WHERE invoice_id = i.id), 0)) 
                                         * (i.total_amount - COALESCE(CASE WHEN i.global_discount_type = '%' THEN (i.total_amount * i.global_discount_val / 100) ELSE i.global_discount_val END, 0) + COALESCE(i.tax_amount, 0)), 
                                         (i.total_amount - COALESCE(CASE WHEN i.global_discount_type = '%' THEN (i.total_amount * i.global_discount_val / 100) ELSE i.global_discount_val END, 0) + COALESCE(i.tax_amount, 0))
                                     )
                                 ) as total_revenue,
                                 SUM(COALESCE(ii.quantity, 0) * COALESCE(ii.cost_at_sale, 0)) as total_cost,
                                 SUM(
                                     COALESCE(
                                         (ii.total / NULLIF((SELECT SUM(total) FROM invoice_items WHERE invoice_id = i.id), 0)) 
                                         * (i.total_amount - COALESCE(CASE WHEN i.global_discount_type = '%' THEN (i.total_amount * i.global_discount_val / 100) ELSE i.global_discount_val END, 0)), 
                                         (i.total_amount - COALESCE(CASE WHEN i.global_discount_type = '%' THEN (i.total_amount * i.global_discount_val / 100) ELSE i.global_discount_val END, 0))
                                     )
                                     - (COALESCE(ii.quantity, 0) * COALESCE(ii.cost_at_sale, 0))
                                 ) as gross_profit,
                                 ii.item_id, it.category_id, it.brand
                           FROM invoices i
                           LEFT JOIN invoice_items ii ON ii.invoice_id = i.id
                           JOIN customers c ON i.customer_id = c.id
                           LEFT JOIN items it ON ii.item_id = it.id
                           WHERE i.status != 'Voided'  AND i.invoice_date >= :start_date AND i.invoice_date <= :end_date AND c.id IN (SELECT DISTINCT customer_id FROM invoices WHERE created_by = :rep)
                           GROUP BY ii.description, ii.item_id, it.category_id, it.brand
Params: Array
(
    [:start_date] => 2026-08-01 00:00:00
    [:end_date] => 2026-08-31 23:59:59
    [:rep] => 105
)


2026-08-08 21:37:22 - Report: sales_by_customer
SQL: SELECT c.id, c.name as customer_name, c.phone, COUNT(i.id) as invoice_count,
                                 SUM(i.total_amount - COALESCE(CASE WHEN i.global_discount_type = '%' THEN (i.total_amount * i.global_discount_val / 100) ELSE i.global_discount_val END, 0) + COALESCE(i.tax_amount, 0)) as total_sales,
                                 COALESCE((SELECT SUM(amount) FROM customer_payments WHERE customer_id = c.id AND status = 'Active'), 0) as paid_amount,
                                 (COALESCE(c.opening_balance, 0) + 
                                  COALESCE((SELECT SUM(total_amount - COALESCE(CASE WHEN global_discount_type = '%' THEN (total_amount * global_discount_val / 100) ELSE global_discount_val END, 0) + COALESCE(tax_amount, 0)) FROM invoices WHERE customer_id = c.id AND status != 'Voided'), 0) - 
                                  COALESCE((SELECT SUM(amount) FROM customer_payments WHERE customer_id = c.id AND status = 'Active'), 0) - 
                                  COALESCE((SELECT SUM(total_amount) FROM credit_notes WHERE customer_id = c.id), 0)) as outstanding,
                                 i.customer_id, i.created_by, i.rep_route_id, c.territory, c.customer_type
                          FROM invoices i
                          JOIN customers c ON i.customer_id = c.id
                          WHERE i.status != 'Voided'  AND i.invoice_date >= :start_date AND i.invoice_date <= :end_date AND i.created_by = :rep
                          GROUP BY c.id, c.name, c.phone, c.territory, c.customer_type
Params: Array
(
    [:start_date] => 2026-08-01 00:00:00
    [:end_date] => 2026-08-31 23:59:59
    [:rep] => 109
)


2026-08-08 21:37:22 - Report: sales_by_item
SQL: SELECT COALESCE(ii.description, 'Uncategorized/No Item') as item_name, SUM(COALESCE(ii.quantity, 0)) as total_qty,
                                 SUM(
                                     COALESCE(
                                         (ii.total / NULLIF((SELECT SUM(total) FROM invoice_items WHERE invoice_id = i.id), 0)) 
                                         * (i.total_amount - COALESCE(CASE WHEN i.global_discount_type = '%' THEN (i.total_amount * i.global_discount_val / 100) ELSE i.global_discount_val END, 0) + COALESCE(i.tax_amount, 0)), 
                                         (i.total_amount - COALESCE(CASE WHEN i.global_discount_type = '%' THEN (i.total_amount * i.global_discount_val / 100) ELSE i.global_discount_val END, 0) + COALESCE(i.tax_amount, 0))
                                     )
                                 ) as total_revenue,
                                 SUM(COALESCE(ii.quantity, 0) * COALESCE(ii.cost_at_sale, 0)) as total_cost,
                                 SUM(
                                     COALESCE(
                                         (ii.total / NULLIF((SELECT SUM(total) FROM invoice_items WHERE invoice_id = i.id), 0)) 
                                         * (i.total_amount - COALESCE(CASE WHEN i.global_discount_type = '%' THEN (i.total_amount * i.global_discount_val / 100) ELSE i.global_discount_val END, 0)), 
                                         (i.total_amount - COALESCE(CASE WHEN i.global_discount_type = '%' THEN (i.total_amount * i.global_discount_val / 100) ELSE i.global_discount_val END, 0))
                                     )
                                     - (COALESCE(ii.quantity, 0) * COALESCE(ii.cost_at_sale, 0))
                                 ) as gross_profit,
                                 ii.item_id, it.category_id, it.brand
                           FROM invoices i
                           LEFT JOIN invoice_items ii ON ii.invoice_id = i.id
                           JOIN customers c ON i.customer_id = c.id
                           LEFT JOIN items it ON ii.item_id = it.id
                           WHERE i.status != 'Voided'  AND i.invoice_date >= :start_date AND i.invoice_date <= :end_date AND c.id IN (SELECT DISTINCT customer_id FROM invoices WHERE created_by = :rep)
                           GROUP BY ii.description, ii.item_id, it.category_id, it.brand
Params: Array
(
    [:start_date] => 2026-08-01 00:00:00
    [:end_date] => 2026-08-31 23:59:59
    [:rep] => 109
)


2026-08-08 21:37:22 - Report: sales_by_customer
SQL: SELECT c.id, c.name as customer_name, c.phone, COUNT(i.id) as invoice_count,
                                 SUM(i.total_amount - COALESCE(CASE WHEN i.global_discount_type = '%' THEN (i.total_amount * i.global_discount_val / 100) ELSE i.global_discount_val END, 0) + COALESCE(i.tax_amount, 0)) as total_sales,
                                 COALESCE((SELECT SUM(amount) FROM customer_payments WHERE customer_id = c.id AND status = 'Active'), 0) as paid_amount,
                                 (COALESCE(c.opening_balance, 0) + 
                                  COALESCE((SELECT SUM(total_amount - COALESCE(CASE WHEN global_discount_type = '%' THEN (total_amount * global_discount_val / 100) ELSE global_discount_val END, 0) + COALESCE(tax_amount, 0)) FROM invoices WHERE customer_id = c.id AND status != 'Voided'), 0) - 
                                  COALESCE((SELECT SUM(amount) FROM customer_payments WHERE customer_id = c.id AND status = 'Active'), 0) - 
                                  COALESCE((SELECT SUM(total_amount) FROM credit_notes WHERE customer_id = c.id), 0)) as outstanding,
                                 i.customer_id, i.created_by, i.rep_route_id, c.territory, c.customer_type
                          FROM invoices i
                          JOIN customers c ON i.customer_id = c.id
                          WHERE i.status != 'Voided'  AND i.invoice_date >= :start_date AND i.invoice_date <= :end_date AND i.created_by = :rep
                          GROUP BY c.id, c.name, c.phone, c.territory, c.customer_type
Params: Array
(
    [:start_date] => 2026-08-01 00:00:00
    [:end_date] => 2026-08-31 23:59:59
    [:rep] => 111
)


2026-08-08 21:37:22 - Report: sales_by_item
SQL: SELECT COALESCE(ii.description, 'Uncategorized/No Item') as item_name, SUM(COALESCE(ii.quantity, 0)) as total_qty,
                                 SUM(
                                     COALESCE(
                                         (ii.total / NULLIF((SELECT SUM(total) FROM invoice_items WHERE invoice_id = i.id), 0)) 
                                         * (i.total_amount - COALESCE(CASE WHEN i.global_discount_type = '%' THEN (i.total_amount * i.global_discount_val / 100) ELSE i.global_discount_val END, 0) + COALESCE(i.tax_amount, 0)), 
                                         (i.total_amount - COALESCE(CASE WHEN i.global_discount_type = '%' THEN (i.total_amount * i.global_discount_val / 100) ELSE i.global_discount_val END, 0) + COALESCE(i.tax_amount, 0))
                                     )
                                 ) as total_revenue,
                                 SUM(COALESCE(ii.quantity, 0) * COALESCE(ii.cost_at_sale, 0)) as total_cost,
                                 SUM(
                                     COALESCE(
                                         (ii.total / NULLIF((SELECT SUM(total) FROM invoice_items WHERE invoice_id = i.id), 0)) 
                                         * (i.total_amount - COALESCE(CASE WHEN i.global_discount_type = '%' THEN (i.total_amount * i.global_discount_val / 100) ELSE i.global_discount_val END, 0)), 
                                         (i.total_amount - COALESCE(CASE WHEN i.global_discount_type = '%' THEN (i.total_amount * i.global_discount_val / 100) ELSE i.global_discount_val END, 0))
                                     )
                                     - (COALESCE(ii.quantity, 0) * COALESCE(ii.cost_at_sale, 0))
                                 ) as gross_profit,
                                 ii.item_id, it.category_id, it.brand
                           FROM invoices i
                           LEFT JOIN invoice_items ii ON ii.invoice_id = i.id
                           JOIN customers c ON i.customer_id = c.id
                           LEFT JOIN items it ON ii.item_id = it.id
                           WHERE i.status != 'Voided'  AND i.invoice_date >= :start_date AND i.invoice_date <= :end_date AND c.id IN (SELECT DISTINCT customer_id FROM invoices WHERE created_by = :rep)
                           GROUP BY ii.description, ii.item_id, it.category_id, it.brand
Params: Array
(
    [:start_date] => 2026-08-01 00:00:00
    [:end_date] => 2026-08-31 23:59:59
    [:rep] => 111
)


2026-08-08 21:37:22 - Report: sales_by_customer
SQL: SELECT c.id, c.name as customer_name, c.phone, COUNT(i.id) as invoice_count,
                                 SUM(i.total_amount - COALESCE(CASE WHEN i.global_discount_type = '%' THEN (i.total_amount * i.global_discount_val / 100) ELSE i.global_discount_val END, 0) + COALESCE(i.tax_amount, 0)) as total_sales,
                                 COALESCE((SELECT SUM(amount) FROM customer_payments WHERE customer_id = c.id AND status = 'Active'), 0) as paid_amount,
                                 (COALESCE(c.opening_balance, 0) + 
                                  COALESCE((SELECT SUM(total_amount - COALESCE(CASE WHEN global_discount_type = '%' THEN (total_amount * global_discount_val / 100) ELSE global_discount_val END, 0) + COALESCE(tax_amount, 0)) FROM invoices WHERE customer_id = c.id AND status != 'Voided'), 0) - 
                                  COALESCE((SELECT SUM(amount) FROM customer_payments WHERE customer_id = c.id AND status = 'Active'), 0) - 
                                  COALESCE((SELECT SUM(total_amount) FROM credit_notes WHERE customer_id = c.id), 0)) as outstanding,
                                 i.customer_id, i.created_by, i.rep_route_id, c.territory, c.customer_type
                          FROM invoices i
                          JOIN customers c ON i.customer_id = c.id
                          WHERE i.status != 'Voided'  AND i.invoice_date >= :start_date AND i.invoice_date <= :end_date AND i.created_by = :rep
                          GROUP BY c.id, c.name, c.phone, c.territory, c.customer_type
Params: Array
(
    [:start_date] => 2026-08-01 00:00:00
    [:end_date] => 2026-08-31 23:59:59
    [:rep] => 115
)


2026-08-08 21:37:22 - Report: sales_by_item
SQL: SELECT COALESCE(ii.description, 'Uncategorized/No Item') as item_name, SUM(COALESCE(ii.quantity, 0)) as total_qty,
                                 SUM(
                                     COALESCE(
                                         (ii.total / NULLIF((SELECT SUM(total) FROM invoice_items WHERE invoice_id = i.id), 0)) 
                                         * (i.total_amount - COALESCE(CASE WHEN i.global_discount_type = '%' THEN (i.total_amount * i.global_discount_val / 100) ELSE i.global_discount_val END, 0) + COALESCE(i.tax_amount, 0)), 
                                         (i.total_amount - COALESCE(CASE WHEN i.global_discount_type = '%' THEN (i.total_amount * i.global_discount_val / 100) ELSE i.global_discount_val END, 0) + COALESCE(i.tax_amount, 0))
                                     )
                                 ) as total_revenue,
                                 SUM(COALESCE(ii.quantity, 0) * COALESCE(ii.cost_at_sale, 0)) as total_cost,
                                 SUM(
                                     COALESCE(
                                         (ii.total / NULLIF((SELECT SUM(total) FROM invoice_items WHERE invoice_id = i.id), 0)) 
                                         * (i.total_amount - COALESCE(CASE WHEN i.global_discount_type = '%' THEN (i.total_amount * i.global_discount_val / 100) ELSE i.global_discount_val END, 0)), 
                                         (i.total_amount - COALESCE(CASE WHEN i.global_discount_type = '%' THEN (i.total_amount * i.global_discount_val / 100) ELSE i.global_discount_val END, 0))
                                     )
                                     - (COALESCE(ii.quantity, 0) * COALESCE(ii.cost_at_sale, 0))
                                 ) as gross_profit,
                                 ii.item_id, it.category_id, it.brand
                           FROM invoices i
                           LEFT JOIN invoice_items ii ON ii.invoice_id = i.id
                           JOIN customers c ON i.customer_id = c.id
                           LEFT JOIN items it ON ii.item_id = it.id
                           WHERE i.status != 'Voided'  AND i.invoice_date >= :start_date AND i.invoice_date <= :end_date AND c.id IN (SELECT DISTINCT customer_id FROM invoices WHERE created_by = :rep)
                           GROUP BY ii.description, ii.item_id, it.category_id, it.brand
Params: Array
(
    [:start_date] => 2026-08-01 00:00:00
    [:end_date] => 2026-08-31 23:59:59
    [:rep] => 115
)


2026-08-08 21:37:22 - Report: sales_by_customer
SQL: SELECT c.id, c.name as customer_name, c.phone, COUNT(i.id) as invoice_count,
                                 SUM(i.total_amount - COALESCE(CASE WHEN i.global_discount_type = '%' THEN (i.total_amount * i.global_discount_val / 100) ELSE i.global_discount_val END, 0) + COALESCE(i.tax_amount, 0)) as total_sales,
                                 COALESCE((SELECT SUM(amount) FROM customer_payments WHERE customer_id = c.id AND status = 'Active'), 0) as paid_amount,
                                 (COALESCE(c.opening_balance, 0) + 
                                  COALESCE((SELECT SUM(total_amount - COALESCE(CASE WHEN global_discount_type = '%' THEN (total_amount * global_discount_val / 100) ELSE global_discount_val END, 0) + COALESCE(tax_amount, 0)) FROM invoices WHERE customer_id = c.id AND status != 'Voided'), 0) - 
                                  COALESCE((SELECT SUM(amount) FROM customer_payments WHERE customer_id = c.id AND status = 'Active'), 0) - 
                                  COALESCE((SELECT SUM(total_amount) FROM credit_notes WHERE customer_id = c.id), 0)) as outstanding,
                                 i.customer_id, i.created_by, i.rep_route_id, c.territory, c.customer_type
                          FROM invoices i
                          JOIN customers c ON i.customer_id = c.id
                          WHERE i.status != 'Voided'  AND i.invoice_date >= :start_date AND i.invoice_date <= :end_date AND i.created_by = :rep
                          GROUP BY c.id, c.name, c.phone, c.territory, c.customer_type
Params: Array
(
    [:start_date] => 2026-08-01 00:00:00
    [:end_date] => 2026-08-31 23:59:59
    [:rep] => 116
)


2026-08-08 21:37:22 - Report: sales_by_item
SQL: SELECT COALESCE(ii.description, 'Uncategorized/No Item') as item_name, SUM(COALESCE(ii.quantity, 0)) as total_qty,
                                 SUM(
                                     COALESCE(
                                         (ii.total / NULLIF((SELECT SUM(total) FROM invoice_items WHERE invoice_id = i.id), 0)) 
                                         * (i.total_amount - COALESCE(CASE WHEN i.global_discount_type = '%' THEN (i.total_amount * i.global_discount_val / 100) ELSE i.global_discount_val END, 0) + COALESCE(i.tax_amount, 0)), 
                                         (i.total_amount - COALESCE(CASE WHEN i.global_discount_type = '%' THEN (i.total_amount * i.global_discount_val / 100) ELSE i.global_discount_val END, 0) + COALESCE(i.tax_amount, 0))
                                     )
                                 ) as total_revenue,
                                 SUM(COALESCE(ii.quantity, 0) * COALESCE(ii.cost_at_sale, 0)) as total_cost,
                                 SUM(
                                     COALESCE(
                                         (ii.total / NULLIF((SELECT SUM(total) FROM invoice_items WHERE invoice_id = i.id), 0)) 
                                         * (i.total_amount - COALESCE(CASE WHEN i.global_discount_type = '%' THEN (i.total_amount * i.global_discount_val / 100) ELSE i.global_discount_val END, 0)), 
                                         (i.total_amount - COALESCE(CASE WHEN i.global_discount_type = '%' THEN (i.total_amount * i.global_discount_val / 100) ELSE i.global_discount_val END, 0))
                                     )
                                     - (COALESCE(ii.quantity, 0) * COALESCE(ii.cost_at_sale, 0))
                                 ) as gross_profit,
                                 ii.item_id, it.category_id, it.brand
                           FROM invoices i
                           LEFT JOIN invoice_items ii ON ii.invoice_id = i.id
                           JOIN customers c ON i.customer_id = c.id
                           LEFT JOIN items it ON ii.item_id = it.id
                           WHERE i.status != 'Voided'  AND i.invoice_date >= :start_date AND i.invoice_date <= :end_date AND c.id IN (SELECT DISTINCT customer_id FROM invoices WHERE created_by = :rep)
                           GROUP BY ii.description, ii.item_id, it.category_id, it.brand
Params: Array
(
    [:start_date] => 2026-08-01 00:00:00
    [:end_date] => 2026-08-31 23:59:59
    [:rep] => 116
)


2026-08-08 21:37:22 - Report: sales_by_customer
SQL: SELECT c.id, c.name as customer_name, c.phone, COUNT(i.id) as invoice_count,
                                 SUM(i.total_amount - COALESCE(CASE WHEN i.global_discount_type = '%' THEN (i.total_amount * i.global_discount_val / 100) ELSE i.global_discount_val END, 0) + COALESCE(i.tax_amount, 0)) as total_sales,
                                 COALESCE((SELECT SUM(amount) FROM customer_payments WHERE customer_id = c.id AND status = 'Active'), 0) as paid_amount,
                                 (COALESCE(c.opening_balance, 0) + 
                                  COALESCE((SELECT SUM(total_amount - COALESCE(CASE WHEN global_discount_type = '%' THEN (total_amount * global_discount_val / 100) ELSE global_discount_val END, 0) + COALESCE(tax_amount, 0)) FROM invoices WHERE customer_id = c.id AND status != 'Voided'), 0) - 
                                  COALESCE((SELECT SUM(amount) FROM customer_payments WHERE customer_id = c.id AND status = 'Active'), 0) - 
                                  COALESCE((SELECT SUM(total_amount) FROM credit_notes WHERE customer_id = c.id), 0)) as outstanding,
                                 i.customer_id, i.created_by, i.rep_route_id, c.territory, c.customer_type
                          FROM invoices i
                          JOIN customers c ON i.customer_id = c.id
                          WHERE i.status != 'Voided'  AND i.invoice_date >= :start_date AND i.invoice_date <= :end_date AND i.created_by = :rep
                          GROUP BY c.id, c.name, c.phone, c.territory, c.customer_type
Params: Array
(
    [:start_date] => 2026-08-01 00:00:00
    [:end_date] => 2026-08-31 23:59:59
    [:rep] => 121
)


2026-08-08 21:37:22 - Report: sales_by_item
SQL: SELECT COALESCE(ii.description, 'Uncategorized/No Item') as item_name, SUM(COALESCE(ii.quantity, 0)) as total_qty,
                                 SUM(
                                     COALESCE(
                                         (ii.total / NULLIF((SELECT SUM(total) FROM invoice_items WHERE invoice_id = i.id), 0)) 
                                         * (i.total_amount - COALESCE(CASE WHEN i.global_discount_type = '%' THEN (i.total_amount * i.global_discount_val / 100) ELSE i.global_discount_val END, 0) + COALESCE(i.tax_amount, 0)), 
                                         (i.total_amount - COALESCE(CASE WHEN i.global_discount_type = '%' THEN (i.total_amount * i.global_discount_val / 100) ELSE i.global_discount_val END, 0) + COALESCE(i.tax_amount, 0))
                                     )
                                 ) as total_revenue,
                                 SUM(COALESCE(ii.quantity, 0) * COALESCE(ii.cost_at_sale, 0)) as total_cost,
                                 SUM(
                                     COALESCE(
                                         (ii.total / NULLIF((SELECT SUM(total) FROM invoice_items WHERE invoice_id = i.id), 0)) 
                                         * (i.total_amount - COALESCE(CASE WHEN i.global_discount_type = '%' THEN (i.total_amount * i.global_discount_val / 100) ELSE i.global_discount_val END, 0)), 
                                         (i.total_amount - COALESCE(CASE WHEN i.global_discount_type = '%' THEN (i.total_amount * i.global_discount_val / 100) ELSE i.global_discount_val END, 0))
                                     )
                                     - (COALESCE(ii.quantity, 0) * COALESCE(ii.cost_at_sale, 0))
                                 ) as gross_profit,
                                 ii.item_id, it.category_id, it.brand
                           FROM invoices i
                           LEFT JOIN invoice_items ii ON ii.invoice_id = i.id
                           JOIN customers c ON i.customer_id = c.id
                           LEFT JOIN items it ON ii.item_id = it.id
                           WHERE i.status != 'Voided'  AND i.invoice_date >= :start_date AND i.invoice_date <= :end_date AND c.id IN (SELECT DISTINCT customer_id FROM invoices WHERE created_by = :rep)
                           GROUP BY ii.description, ii.item_id, it.category_id, it.brand
Params: Array
(
    [:start_date] => 2026-08-01 00:00:00
    [:end_date] => 2026-08-31 23:59:59
    [:rep] => 121
)


2026-08-08 21:37:22 - Report: sales_by_customer
SQL: SELECT c.id, c.name as customer_name, c.phone, COUNT(i.id) as invoice_count,
                                 SUM(i.total_amount - COALESCE(CASE WHEN i.global_discount_type = '%' THEN (i.total_amount * i.global_discount_val / 100) ELSE i.global_discount_val END, 0) + COALESCE(i.tax_amount, 0)) as total_sales,
                                 COALESCE((SELECT SUM(amount) FROM customer_payments WHERE customer_id = c.id AND status = 'Active'), 0) as paid_amount,
                                 (COALESCE(c.opening_balance, 0) + 
                                  COALESCE((SELECT SUM(total_amount - COALESCE(CASE WHEN global_discount_type = '%' THEN (total_amount * global_discount_val / 100) ELSE global_discount_val END, 0) + COALESCE(tax_amount, 0)) FROM invoices WHERE customer_id = c.id AND status != 'Voided'), 0) - 
                                  COALESCE((SELECT SUM(amount) FROM customer_payments WHERE customer_id = c.id AND status = 'Active'), 0) - 
                                  COALESCE((SELECT SUM(total_amount) FROM credit_notes WHERE customer_id = c.id), 0)) as outstanding,
                                 i.customer_id, i.created_by, i.rep_route_id, c.territory, c.customer_type
                          FROM invoices i
                          JOIN customers c ON i.customer_id = c.id
                          WHERE i.status != 'Voided'  AND i.invoice_date >= :start_date AND i.invoice_date <= :end_date AND i.created_by = :rep
                          GROUP BY c.id, c.name, c.phone, c.territory, c.customer_type
Params: Array
(
    [:start_date] => 2026-08-01 00:00:00
    [:end_date] => 2026-08-31 23:59:59
    [:rep] => 126
)


2026-08-08 21:37:22 - Report: sales_by_item
SQL: SELECT COALESCE(ii.description, 'Uncategorized/No Item') as item_name, SUM(COALESCE(ii.quantity, 0)) as total_qty,
                                 SUM(
                                     COALESCE(
                                         (ii.total / NULLIF((SELECT SUM(total) FROM invoice_items WHERE invoice_id = i.id), 0)) 
                                         * (i.total_amount - COALESCE(CASE WHEN i.global_discount_type = '%' THEN (i.total_amount * i.global_discount_val / 100) ELSE i.global_discount_val END, 0) + COALESCE(i.tax_amount, 0)), 
                                         (i.total_amount - COALESCE(CASE WHEN i.global_discount_type = '%' THEN (i.total_amount * i.global_discount_val / 100) ELSE i.global_discount_val END, 0) + COALESCE(i.tax_amount, 0))
                                     )
                                 ) as total_revenue,
                                 SUM(COALESCE(ii.quantity, 0) * COALESCE(ii.cost_at_sale, 0)) as total_cost,
                                 SUM(
                                     COALESCE(
                                         (ii.total / NULLIF((SELECT SUM(total) FROM invoice_items WHERE invoice_id = i.id), 0)) 
                                         * (i.total_amount - COALESCE(CASE WHEN i.global_discount_type = '%' THEN (i.total_amount * i.global_discount_val / 100) ELSE i.global_discount_val END, 0)), 
                                         (i.total_amount - COALESCE(CASE WHEN i.global_discount_type = '%' THEN (i.total_amount * i.global_discount_val / 100) ELSE i.global_discount_val END, 0))
                                     )
                                     - (COALESCE(ii.quantity, 0) * COALESCE(ii.cost_at_sale, 0))
                                 ) as gross_profit,
                                 ii.item_id, it.category_id, it.brand
                           FROM invoices i
                           LEFT JOIN invoice_items ii ON ii.invoice_id = i.id
                           JOIN customers c ON i.customer_id = c.id
                           LEFT JOIN items it ON ii.item_id = it.id
                           WHERE i.status != 'Voided'  AND i.invoice_date >= :start_date AND i.invoice_date <= :end_date AND c.id IN (SELECT DISTINCT customer_id FROM invoices WHERE created_by = :rep)
                           GROUP BY ii.description, ii.item_id, it.category_id, it.brand
Params: Array
(
    [:start_date] => 2026-08-01 00:00:00
    [:end_date] => 2026-08-31 23:59:59
    [:rep] => 126
)


2026-08-08 21:37:22 - Report: sales_by_customer
SQL: SELECT c.id, c.name as customer_name, c.phone, COUNT(i.id) as invoice_count,
                                 SUM(i.total_amount - COALESCE(CASE WHEN i.global_discount_type = '%' THEN (i.total_amount * i.global_discount_val / 100) ELSE i.global_discount_val END, 0) + COALESCE(i.tax_amount, 0)) as total_sales,
                                 COALESCE((SELECT SUM(amount) FROM customer_payments WHERE customer_id = c.id AND status = 'Active'), 0) as paid_amount,
                                 (COALESCE(c.opening_balance, 0) + 
                                  COALESCE((SELECT SUM(total_amount - COALESCE(CASE WHEN global_discount_type = '%' THEN (total_amount * global_discount_val / 100) ELSE global_discount_val END, 0) + COALESCE(tax_amount, 0)) FROM invoices WHERE customer_id = c.id AND status != 'Voided'), 0) - 
                                  COALESCE((SELECT SUM(amount) FROM customer_payments WHERE customer_id = c.id AND status = 'Active'), 0) - 
                                  COALESCE((SELECT SUM(total_amount) FROM credit_notes WHERE customer_id = c.id), 0)) as outstanding,
                                 i.customer_id, i.created_by, i.rep_route_id, c.territory, c.customer_type
                          FROM invoices i
                          JOIN customers c ON i.customer_id = c.id
                          WHERE i.status != 'Voided'  AND i.invoice_date >= :start_date AND i.invoice_date <= :end_date AND i.created_by = :rep
                          GROUP BY c.id, c.name, c.phone, c.territory, c.customer_type
Params: Array
(
    [:start_date] => 2026-08-01 00:00:00
    [:end_date] => 2026-08-31 23:59:59
    [:rep] => 127
)


2026-08-08 21:37:22 - Report: sales_by_item
SQL: SELECT COALESCE(ii.description, 'Uncategorized/No Item') as item_name, SUM(COALESCE(ii.quantity, 0)) as total_qty,
                                 SUM(
                                     COALESCE(
                                         (ii.total / NULLIF((SELECT SUM(total) FROM invoice_items WHERE invoice_id = i.id), 0)) 
                                         * (i.total_amount - COALESCE(CASE WHEN i.global_discount_type = '%' THEN (i.total_amount * i.global_discount_val / 100) ELSE i.global_discount_val END, 0) + COALESCE(i.tax_amount, 0)), 
                                         (i.total_amount - COALESCE(CASE WHEN i.global_discount_type = '%' THEN (i.total_amount * i.global_discount_val / 100) ELSE i.global_discount_val END, 0) + COALESCE(i.tax_amount, 0))
                                     )
                                 ) as total_revenue,
                                 SUM(COALESCE(ii.quantity, 0) * COALESCE(ii.cost_at_sale, 0)) as total_cost,
                                 SUM(
                                     COALESCE(
                                         (ii.total / NULLIF((SELECT SUM(total) FROM invoice_items WHERE invoice_id = i.id), 0)) 
                                         * (i.total_amount - COALESCE(CASE WHEN i.global_discount_type = '%' THEN (i.total_amount * i.global_discount_val / 100) ELSE i.global_discount_val END, 0)), 
                                         (i.total_amount - COALESCE(CASE WHEN i.global_discount_type = '%' THEN (i.total_amount * i.global_discount_val / 100) ELSE i.global_discount_val END, 0))
                                     )
                                     - (COALESCE(ii.quantity, 0) * COALESCE(ii.cost_at_sale, 0))
                                 ) as gross_profit,
                                 ii.item_id, it.category_id, it.brand
                           FROM invoices i
                           LEFT JOIN invoice_items ii ON ii.invoice_id = i.id
                           JOIN customers c ON i.customer_id = c.id
                           LEFT JOIN items it ON ii.item_id = it.id
                           WHERE i.status != 'Voided'  AND i.invoice_date >= :start_date AND i.invoice_date <= :end_date AND c.id IN (SELECT DISTINCT customer_id FROM invoices WHERE created_by = :rep)
                           GROUP BY ii.description, ii.item_id, it.category_id, it.brand
Params: Array
(
    [:start_date] => 2026-08-01 00:00:00
    [:end_date] => 2026-08-31 23:59:59
    [:rep] => 127
)


2026-08-08 21:37:22 - Report: sales_by_customer
SQL: SELECT c.id, c.name as customer_name, c.phone, COUNT(i.id) as invoice_count,
                                 SUM(i.total_amount - COALESCE(CASE WHEN i.global_discount_type = '%' THEN (i.total_amount * i.global_discount_val / 100) ELSE i.global_discount_val END, 0) + COALESCE(i.tax_amount, 0)) as total_sales,
                                 COALESCE((SELECT SUM(amount) FROM customer_payments WHERE customer_id = c.id AND status = 'Active'), 0) as paid_amount,
                                 (COALESCE(c.opening_balance, 0) + 
                                  COALESCE((SELECT SUM(total_amount - COALESCE(CASE WHEN global_discount_type = '%' THEN (total_amount * global_discount_val / 100) ELSE global_discount_val END, 0) + COALESCE(tax_amount, 0)) FROM invoices WHERE customer_id = c.id AND status != 'Voided'), 0) - 
                                  COALESCE((SELECT SUM(amount) FROM customer_payments WHERE customer_id = c.id AND status = 'Active'), 0) - 
                                  COALESCE((SELECT SUM(total_amount) FROM credit_notes WHERE customer_id = c.id), 0)) as outstanding,
                                 i.customer_id, i.created_by, i.rep_route_id, c.territory, c.customer_type
                          FROM invoices i
                          JOIN customers c ON i.customer_id = c.id
                          WHERE i.status != 'Voided'  AND i.invoice_date >= :start_date AND i.invoice_date <= :end_date AND i.created_by = :rep
                          GROUP BY c.id, c.name, c.phone, c.territory, c.customer_type
Params: Array
(
    [:start_date] => 2026-08-01 00:00:00
    [:end_date] => 2026-08-31 23:59:59
    [:rep] => 128
)


2026-08-08 21:37:22 - Report: sales_by_item
SQL: SELECT COALESCE(ii.description, 'Uncategorized/No Item') as item_name, SUM(COALESCE(ii.quantity, 0)) as total_qty,
                                 SUM(
                                     COALESCE(
                                         (ii.total / NULLIF((SELECT SUM(total) FROM invoice_items WHERE invoice_id = i.id), 0)) 
                                         * (i.total_amount - COALESCE(CASE WHEN i.global_discount_type = '%' THEN (i.total_amount * i.global_discount_val / 100) ELSE i.global_discount_val END, 0) + COALESCE(i.tax_amount, 0)), 
                                         (i.total_amount - COALESCE(CASE WHEN i.global_discount_type = '%' THEN (i.total_amount * i.global_discount_val / 100) ELSE i.global_discount_val END, 0) + COALESCE(i.tax_amount, 0))
                                     )
                                 ) as total_revenue,
                                 SUM(COALESCE(ii.quantity, 0) * COALESCE(ii.cost_at_sale, 0)) as total_cost,
                                 SUM(
                                     COALESCE(
                                         (ii.total / NULLIF((SELECT SUM(total) FROM invoice_items WHERE invoice_id = i.id), 0)) 
                                         * (i.total_amount - COALESCE(CASE WHEN i.global_discount_type = '%' THEN (i.total_amount * i.global_discount_val / 100) ELSE i.global_discount_val END, 0)), 
                                         (i.total_amount - COALESCE(CASE WHEN i.global_discount_type = '%' THEN (i.total_amount * i.global_discount_val / 100) ELSE i.global_discount_val END, 0))
                                     )
                                     - (COALESCE(ii.quantity, 0) * COALESCE(ii.cost_at_sale, 0))
                                 ) as gross_profit,
                                 ii.item_id, it.category_id, it.brand
                           FROM invoices i
                           LEFT JOIN invoice_items ii ON ii.invoice_id = i.id
                           JOIN customers c ON i.customer_id = c.id
                           LEFT JOIN items it ON ii.item_id = it.id
                           WHERE i.status != 'Voided'  AND i.invoice_date >= :start_date AND i.invoice_date <= :end_date AND c.id IN (SELECT DISTINCT customer_id FROM invoices WHERE created_by = :rep)
                           GROUP BY ii.description, ii.item_id, it.category_id, it.brand
Params: Array
(
    [:start_date] => 2026-08-01 00:00:00
    [:end_date] => 2026-08-31 23:59:59
    [:rep] => 128
)


2026-08-08 21:37:22 - Report: sales_by_customer
SQL: SELECT c.id, c.name as customer_name, c.phone, COUNT(i.id) as invoice_count,
                                 SUM(i.total_amount - COALESCE(CASE WHEN i.global_discount_type = '%' THEN (i.total_amount * i.global_discount_val / 100) ELSE i.global_discount_val END, 0) + COALESCE(i.tax_amount, 0)) as total_sales,
                                 COALESCE((SELECT SUM(amount) FROM customer_payments WHERE customer_id = c.id AND status = 'Active'), 0) as paid_amount,
                                 (COALESCE(c.opening_balance, 0) + 
                                  COALESCE((SELECT SUM(total_amount - COALESCE(CASE WHEN global_discount_type = '%' THEN (total_amount * global_discount_val / 100) ELSE global_discount_val END, 0) + COALESCE(tax_amount, 0)) FROM invoices WHERE customer_id = c.id AND status != 'Voided'), 0) - 
                                  COALESCE((SELECT SUM(amount) FROM customer_payments WHERE customer_id = c.id AND status = 'Active'), 0) - 
                                  COALESCE((SELECT SUM(total_amount) FROM credit_notes WHERE customer_id = c.id), 0)) as outstanding,
                                 i.customer_id, i.created_by, i.rep_route_id, c.territory, c.customer_type
                          FROM invoices i
                          JOIN customers c ON i.customer_id = c.id
                          WHERE i.status != 'Voided'  AND i.invoice_date >= :start_date AND i.invoice_date <= :end_date AND i.created_by = :rep
                          GROUP BY c.id, c.name, c.phone, c.territory, c.customer_type
Params: Array
(
    [:start_date] => 2026-08-01 00:00:00
    [:end_date] => 2026-08-31 23:59:59
    [:rep] => 130
)


2026-08-08 21:37:22 - Report: sales_by_item
SQL: SELECT COALESCE(ii.description, 'Uncategorized/No Item') as item_name, SUM(COALESCE(ii.quantity, 0)) as total_qty,
                                 SUM(
                                     COALESCE(
                                         (ii.total / NULLIF((SELECT SUM(total) FROM invoice_items WHERE invoice_id = i.id), 0)) 
                                         * (i.total_amount - COALESCE(CASE WHEN i.global_discount_type = '%' THEN (i.total_amount * i.global_discount_val / 100) ELSE i.global_discount_val END, 0) + COALESCE(i.tax_amount, 0)), 
                                         (i.total_amount - COALESCE(CASE WHEN i.global_discount_type = '%' THEN (i.total_amount * i.global_discount_val / 100) ELSE i.global_discount_val END, 0) + COALESCE(i.tax_amount, 0))
                                     )
                                 ) as total_revenue,
                                 SUM(COALESCE(ii.quantity, 0) * COALESCE(ii.cost_at_sale, 0)) as total_cost,
                                 SUM(
                                     COALESCE(
                                         (ii.total / NULLIF((SELECT SUM(total) FROM invoice_items WHERE invoice_id = i.id), 0)) 
                                         * (i.total_amount - COALESCE(CASE WHEN i.global_discount_type = '%' THEN (i.total_amount * i.global_discount_val / 100) ELSE i.global_discount_val END, 0)), 
                                         (i.total_amount - COALESCE(CASE WHEN i.global_discount_type = '%' THEN (i.total_amount * i.global_discount_val / 100) ELSE i.global_discount_val END, 0))
                                     )
                                     - (COALESCE(ii.quantity, 0) * COALESCE(ii.cost_at_sale, 0))
                                 ) as gross_profit,
                                 ii.item_id, it.category_id, it.brand
                           FROM invoices i
                           LEFT JOIN invoice_items ii ON ii.invoice_id = i.id
                           JOIN customers c ON i.customer_id = c.id
                           LEFT JOIN items it ON ii.item_id = it.id
                           WHERE i.status != 'Voided'  AND i.invoice_date >= :start_date AND i.invoice_date <= :end_date AND c.id IN (SELECT DISTINCT customer_id FROM invoices WHERE created_by = :rep)
                           GROUP BY ii.description, ii.item_id, it.category_id, it.brand
Params: Array
(
    [:start_date] => 2026-08-01 00:00:00
    [:end_date] => 2026-08-31 23:59:59
    [:rep] => 130
)


2026-08-08 21:37:22 - Report: sales_by_customer
SQL: SELECT c.id, c.name as customer_name, c.phone, COUNT(i.id) as invoice_count,
                                 SUM(i.total_amount - COALESCE(CASE WHEN i.global_discount_type = '%' THEN (i.total_amount * i.global_discount_val / 100) ELSE i.global_discount_val END, 0) + COALESCE(i.tax_amount, 0)) as total_sales,
                                 COALESCE((SELECT SUM(amount) FROM customer_payments WHERE customer_id = c.id AND status = 'Active'), 0) as paid_amount,
                                 (COALESCE(c.opening_balance, 0) + 
                                  COALESCE((SELECT SUM(total_amount - COALESCE(CASE WHEN global_discount_type = '%' THEN (total_amount * global_discount_val / 100) ELSE global_discount_val END, 0) + COALESCE(tax_amount, 0)) FROM invoices WHERE customer_id = c.id AND status != 'Voided'), 0) - 
                                  COALESCE((SELECT SUM(amount) FROM customer_payments WHERE customer_id = c.id AND status = 'Active'), 0) - 
                                  COALESCE((SELECT SUM(total_amount) FROM credit_notes WHERE customer_id = c.id), 0)) as outstanding,
                                 i.customer_id, i.created_by, i.rep_route_id, c.territory, c.customer_type
                          FROM invoices i
                          JOIN customers c ON i.customer_id = c.id
                          WHERE i.status != 'Voided'  AND i.invoice_date >= :start_date AND i.invoice_date <= :end_date AND i.created_by = :rep
                          GROUP BY c.id, c.name, c.phone, c.territory, c.customer_type
Params: Array
(
    [:start_date] => 2026-08-01 00:00:00
    [:end_date] => 2026-08-31 23:59:59
    [:rep] => 132
)


2026-08-08 21:37:22 - Report: sales_by_item
SQL: SELECT COALESCE(ii.description, 'Uncategorized/No Item') as item_name, SUM(COALESCE(ii.quantity, 0)) as total_qty,
                                 SUM(
                                     COALESCE(
                                         (ii.total / NULLIF((SELECT SUM(total) FROM invoice_items WHERE invoice_id = i.id), 0)) 
                                         * (i.total_amount - COALESCE(CASE WHEN i.global_discount_type = '%' THEN (i.total_amount * i.global_discount_val / 100) ELSE i.global_discount_val END, 0) + COALESCE(i.tax_amount, 0)), 
                                         (i.total_amount - COALESCE(CASE WHEN i.global_discount_type = '%' THEN (i.total_amount * i.global_discount_val / 100) ELSE i.global_discount_val END, 0) + COALESCE(i.tax_amount, 0))
                                     )
                                 ) as total_revenue,
                                 SUM(COALESCE(ii.quantity, 0) * COALESCE(ii.cost_at_sale, 0)) as total_cost,
                                 SUM(
                                     COALESCE(
                                         (ii.total / NULLIF((SELECT SUM(total) FROM invoice_items WHERE invoice_id = i.id), 0)) 
                                         * (i.total_amount - COALESCE(CASE WHEN i.global_discount_type = '%' THEN (i.total_amount * i.global_discount_val / 100) ELSE i.global_discount_val END, 0)), 
                                         (i.total_amount - COALESCE(CASE WHEN i.global_discount_type = '%' THEN (i.total_amount * i.global_discount_val / 100) ELSE i.global_discount_val END, 0))
                                     )
                                     - (COALESCE(ii.quantity, 0) * COALESCE(ii.cost_at_sale, 0))
                                 ) as gross_profit,
                                 ii.item_id, it.category_id, it.brand
                           FROM invoices i
                           LEFT JOIN invoice_items ii ON ii.invoice_id = i.id
                           JOIN customers c ON i.customer_id = c.id
                           LEFT JOIN items it ON ii.item_id = it.id
                           WHERE i.status != 'Voided'  AND i.invoice_date >= :start_date AND i.invoice_date <= :end_date AND c.id IN (SELECT DISTINCT customer_id FROM invoices WHERE created_by = :rep)
                           GROUP BY ii.description, ii.item_id, it.category_id, it.brand
Params: Array
(
    [:start_date] => 2026-08-01 00:00:00
    [:end_date] => 2026-08-31 23:59:59
    [:rep] => 132
)


2026-08-08 21:37:22 - Report: sales_by_customer
SQL: SELECT c.id, c.name as customer_name, c.phone, COUNT(i.id) as invoice_count,
                                 SUM(i.total_amount - COALESCE(CASE WHEN i.global_discount_type = '%' THEN (i.total_amount * i.global_discount_val / 100) ELSE i.global_discount_val END, 0) + COALESCE(i.tax_amount, 0)) as total_sales,
                                 COALESCE((SELECT SUM(amount) FROM customer_payments WHERE customer_id = c.id AND status = 'Active'), 0) as paid_amount,
                                 (COALESCE(c.opening_balance, 0) + 
                                  COALESCE((SELECT SUM(total_amount - COALESCE(CASE WHEN global_discount_type = '%' THEN (total_amount * global_discount_val / 100) ELSE global_discount_val END, 0) + COALESCE(tax_amount, 0)) FROM invoices WHERE customer_id = c.id AND status != 'Voided'), 0) - 
                                  COALESCE((SELECT SUM(amount) FROM customer_payments WHERE customer_id = c.id AND status = 'Active'), 0) - 
                                  COALESCE((SELECT SUM(total_amount) FROM credit_notes WHERE customer_id = c.id), 0)) as outstanding,
                                 i.customer_id, i.created_by, i.rep_route_id, c.territory, c.customer_type
                          FROM invoices i
                          JOIN customers c ON i.customer_id = c.id
                          WHERE i.status != 'Voided'  AND i.invoice_date >= :start_date AND i.invoice_date <= :end_date AND i.created_by = :rep
                          GROUP BY c.id, c.name, c.phone, c.territory, c.customer_type
Params: Array
(
    [:start_date] => 2026-08-01 00:00:00
    [:end_date] => 2026-08-31 23:59:59
    [:rep] => 133
)


2026-08-08 21:37:22 - Report: sales_by_item
SQL: SELECT COALESCE(ii.description, 'Uncategorized/No Item') as item_name, SUM(COALESCE(ii.quantity, 0)) as total_qty,
                                 SUM(
                                     COALESCE(
                                         (ii.total / NULLIF((SELECT SUM(total) FROM invoice_items WHERE invoice_id = i.id), 0)) 
                                         * (i.total_amount - COALESCE(CASE WHEN i.global_discount_type = '%' THEN (i.total_amount * i.global_discount_val / 100) ELSE i.global_discount_val END, 0) + COALESCE(i.tax_amount, 0)), 
                                         (i.total_amount - COALESCE(CASE WHEN i.global_discount_type = '%' THEN (i.total_amount * i.global_discount_val / 100) ELSE i.global_discount_val END, 0) + COALESCE(i.tax_amount, 0))
                                     )
                                 ) as total_revenue,
                                 SUM(COALESCE(ii.quantity, 0) * COALESCE(ii.cost_at_sale, 0)) as total_cost,
                                 SUM(
                                     COALESCE(
                                         (ii.total / NULLIF((SELECT SUM(total) FROM invoice_items WHERE invoice_id = i.id), 0)) 
                                         * (i.total_amount - COALESCE(CASE WHEN i.global_discount_type = '%' THEN (i.total_amount * i.global_discount_val / 100) ELSE i.global_discount_val END, 0)), 
                                         (i.total_amount - COALESCE(CASE WHEN i.global_discount_type = '%' THEN (i.total_amount * i.global_discount_val / 100) ELSE i.global_discount_val END, 0))
                                     )
                                     - (COALESCE(ii.quantity, 0) * COALESCE(ii.cost_at_sale, 0))
                                 ) as gross_profit,
                                 ii.item_id, it.category_id, it.brand
                           FROM invoices i
                           LEFT JOIN invoice_items ii ON ii.invoice_id = i.id
                           JOIN customers c ON i.customer_id = c.id
                           LEFT JOIN items it ON ii.item_id = it.id
                           WHERE i.status != 'Voided'  AND i.invoice_date >= :start_date AND i.invoice_date <= :end_date AND c.id IN (SELECT DISTINCT customer_id FROM invoices WHERE created_by = :rep)
                           GROUP BY ii.description, ii.item_id, it.category_id, it.brand
Params: Array
(
    [:start_date] => 2026-08-01 00:00:00
    [:end_date] => 2026-08-31 23:59:59
    [:rep] => 133
)


2026-08-08 21:37:22 - Report: sales_by_customer
SQL: SELECT c.id, c.name as customer_name, c.phone, COUNT(i.id) as invoice_count,
                                 SUM(i.total_amount - COALESCE(CASE WHEN i.global_discount_type = '%' THEN (i.total_amount * i.global_discount_val / 100) ELSE i.global_discount_val END, 0) + COALESCE(i.tax_amount, 0)) as total_sales,
                                 COALESCE((SELECT SUM(amount) FROM customer_payments WHERE customer_id = c.id AND status = 'Active'), 0) as paid_amount,
                                 (COALESCE(c.opening_balance, 0) + 
                                  COALESCE((SELECT SUM(total_amount - COALESCE(CASE WHEN global_discount_type = '%' THEN (total_amount * global_discount_val / 100) ELSE global_discount_val END, 0) + COALESCE(tax_amount, 0)) FROM invoices WHERE customer_id = c.id AND status != 'Voided'), 0) - 
                                  COALESCE((SELECT SUM(amount) FROM customer_payments WHERE customer_id = c.id AND status = 'Active'), 0) - 
                                  COALESCE((SELECT SUM(total_amount) FROM credit_notes WHERE customer_id = c.id), 0)) as outstanding,
                                 i.customer_id, i.created_by, i.rep_route_id, c.territory, c.customer_type
                          FROM invoices i
                          JOIN customers c ON i.customer_id = c.id
                          WHERE i.status != 'Voided'  AND i.invoice_date >= :start_date AND i.invoice_date <= :end_date AND i.created_by = :rep
                          GROUP BY c.id, c.name, c.phone, c.territory, c.customer_type
Params: Array
(
    [:start_date] => 2026-08-01 00:00:00
    [:end_date] => 2026-08-31 23:59:59
    [:rep] => 134
)


2026-08-08 21:37:22 - Report: sales_by_item
SQL: SELECT COALESCE(ii.description, 'Uncategorized/No Item') as item_name, SUM(COALESCE(ii.quantity, 0)) as total_qty,
                                 SUM(
                                     COALESCE(
                                         (ii.total / NULLIF((SELECT SUM(total) FROM invoice_items WHERE invoice_id = i.id), 0)) 
                                         * (i.total_amount - COALESCE(CASE WHEN i.global_discount_type = '%' THEN (i.total_amount * i.global_discount_val / 100) ELSE i.global_discount_val END, 0) + COALESCE(i.tax_amount, 0)), 
                                         (i.total_amount - COALESCE(CASE WHEN i.global_discount_type = '%' THEN (i.total_amount * i.global_discount_val / 100) ELSE i.global_discount_val END, 0) + COALESCE(i.tax_amount, 0))
                                     )
                                 ) as total_revenue,
                                 SUM(COALESCE(ii.quantity, 0) * COALESCE(ii.cost_at_sale, 0)) as total_cost,
                                 SUM(
                                     COALESCE(
                                         (ii.total / NULLIF((SELECT SUM(total) FROM invoice_items WHERE invoice_id = i.id), 0)) 
                                         * (i.total_amount - COALESCE(CASE WHEN i.global_discount_type = '%' THEN (i.total_amount * i.global_discount_val / 100) ELSE i.global_discount_val END, 0)), 
                                         (i.total_amount - COALESCE(CASE WHEN i.global_discount_type = '%' THEN (i.total_amount * i.global_discount_val / 100) ELSE i.global_discount_val END, 0))
                                     )
                                     - (COALESCE(ii.quantity, 0) * COALESCE(ii.cost_at_sale, 0))
                                 ) as gross_profit,
                                 ii.item_id, it.category_id, it.brand
                           FROM invoices i
                           LEFT JOIN invoice_items ii ON ii.invoice_id = i.id
                           JOIN customers c ON i.customer_id = c.id
                           LEFT JOIN items it ON ii.item_id = it.id
                           WHERE i.status != 'Voided'  AND i.invoice_date >= :start_date AND i.invoice_date <= :end_date AND c.id IN (SELECT DISTINCT customer_id FROM invoices WHERE created_by = :rep)
                           GROUP BY ii.description, ii.item_id, it.category_id, it.brand
Params: Array
(
    [:start_date] => 2026-08-01 00:00:00
    [:end_date] => 2026-08-31 23:59:59
    [:rep] => 134
)


2026-08-08 21:37:22 - Report: sales_by_customer
SQL: SELECT c.id, c.name as customer_name, c.phone, COUNT(i.id) as invoice_count,
                                 SUM(i.total_amount - COALESCE(CASE WHEN i.global_discount_type = '%' THEN (i.total_amount * i.global_discount_val / 100) ELSE i.global_discount_val END, 0) + COALESCE(i.tax_amount, 0)) as total_sales,
                                 COALESCE((SELECT SUM(amount) FROM customer_payments WHERE customer_id = c.id AND status = 'Active'), 0) as paid_amount,
                                 (COALESCE(c.opening_balance, 0) + 
                                  COALESCE((SELECT SUM(total_amount - COALESCE(CASE WHEN global_discount_type = '%' THEN (total_amount * global_discount_val / 100) ELSE global_discount_val END, 0) + COALESCE(tax_amount, 0)) FROM invoices WHERE customer_id = c.id AND status != 'Voided'), 0) - 
                                  COALESCE((SELECT SUM(amount) FROM customer_payments WHERE customer_id = c.id AND status = 'Active'), 0) - 
                                  COALESCE((SELECT SUM(total_amount) FROM credit_notes WHERE customer_id = c.id), 0)) as outstanding,
                                 i.customer_id, i.created_by, i.rep_route_id, c.territory, c.customer_type
                          FROM invoices i
                          JOIN customers c ON i.customer_id = c.id
                          WHERE i.status != 'Voided'  AND i.invoice_date >= :start_date AND i.invoice_date <= :end_date AND i.created_by = :rep
                          GROUP BY c.id, c.name, c.phone, c.territory, c.customer_type
Params: Array
(
    [:start_date] => 2026-08-01 00:00:00
    [:end_date] => 2026-08-31 23:59:59
    [:rep] => 135
)


2026-08-08 21:37:22 - Report: sales_by_item
SQL: SELECT COALESCE(ii.description, 'Uncategorized/No Item') as item_name, SUM(COALESCE(ii.quantity, 0)) as total_qty,
                                 SUM(
                                     COALESCE(
                                         (ii.total / NULLIF((SELECT SUM(total) FROM invoice_items WHERE invoice_id = i.id), 0)) 
                                         * (i.total_amount - COALESCE(CASE WHEN i.global_discount_type = '%' THEN (i.total_amount * i.global_discount_val / 100) ELSE i.global_discount_val END, 0) + COALESCE(i.tax_amount, 0)), 
                                         (i.total_amount - COALESCE(CASE WHEN i.global_discount_type = '%' THEN (i.total_amount * i.global_discount_val / 100) ELSE i.global_discount_val END, 0) + COALESCE(i.tax_amount, 0))
                                     )
                                 ) as total_revenue,
                                 SUM(COALESCE(ii.quantity, 0) * COALESCE(ii.cost_at_sale, 0)) as total_cost,
                                 SUM(
                                     COALESCE(
                                         (ii.total / NULLIF((SELECT SUM(total) FROM invoice_items WHERE invoice_id = i.id), 0)) 
                                         * (i.total_amount - COALESCE(CASE WHEN i.global_discount_type = '%' THEN (i.total_amount * i.global_discount_val / 100) ELSE i.global_discount_val END, 0)), 
                                         (i.total_amount - COALESCE(CASE WHEN i.global_discount_type = '%' THEN (i.total_amount * i.global_discount_val / 100) ELSE i.global_discount_val END, 0))
                                     )
                                     - (COALESCE(ii.quantity, 0) * COALESCE(ii.cost_at_sale, 0))
                                 ) as gross_profit,
                                 ii.item_id, it.category_id, it.brand
                           FROM invoices i
                           LEFT JOIN invoice_items ii ON ii.invoice_id = i.id
                           JOIN customers c ON i.customer_id = c.id
                           LEFT JOIN items it ON ii.item_id = it.id
                           WHERE i.status != 'Voided'  AND i.invoice_date >= :start_date AND i.invoice_date <= :end_date AND c.id IN (SELECT DISTINCT customer_id FROM invoices WHERE created_by = :rep)
                           GROUP BY ii.description, ii.item_id, it.category_id, it.brand
Params: Array
(
    [:start_date] => 2026-08-01 00:00:00
    [:end_date] => 2026-08-31 23:59:59
    [:rep] => 135
)


2026-08-08 21:37:22 - Report: sales_by_customer
SQL: SELECT c.id, c.name as customer_name, c.phone, COUNT(i.id) as invoice_count,
                                 SUM(i.total_amount - COALESCE(CASE WHEN i.global_discount_type = '%' THEN (i.total_amount * i.global_discount_val / 100) ELSE i.global_discount_val END, 0) + COALESCE(i.tax_amount, 0)) as total_sales,
                                 COALESCE((SELECT SUM(amount) FROM customer_payments WHERE customer_id = c.id AND status = 'Active'), 0) as paid_amount,
                                 (COALESCE(c.opening_balance, 0) + 
                                  COALESCE((SELECT SUM(total_amount - COALESCE(CASE WHEN global_discount_type = '%' THEN (total_amount * global_discount_val / 100) ELSE global_discount_val END, 0) + COALESCE(tax_amount, 0)) FROM invoices WHERE customer_id = c.id AND status != 'Voided'), 0) - 
                                  COALESCE((SELECT SUM(amount) FROM customer_payments WHERE customer_id = c.id AND status = 'Active'), 0) - 
                                  COALESCE((SELECT SUM(total_amount) FROM credit_notes WHERE customer_id = c.id), 0)) as outstanding,
                                 i.customer_id, i.created_by, i.rep_route_id, c.territory, c.customer_type
                          FROM invoices i
                          JOIN customers c ON i.customer_id = c.id
                          WHERE i.status != 'Voided'  AND i.invoice_date >= :start_date AND i.invoice_date <= :end_date AND i.created_by = :rep
                          GROUP BY c.id, c.name, c.phone, c.territory, c.customer_type
Params: Array
(
    [:start_date] => 2026-08-01 00:00:00
    [:end_date] => 2026-08-31 23:59:59
    [:rep] => 137
)


2026-08-08 21:37:22 - Report: sales_by_item
SQL: SELECT COALESCE(ii.description, 'Uncategorized/No Item') as item_name, SUM(COALESCE(ii.quantity, 0)) as total_qty,
                                 SUM(
                                     COALESCE(
                                         (ii.total / NULLIF((SELECT SUM(total) FROM invoice_items WHERE invoice_id = i.id), 0)) 
                                         * (i.total_amount - COALESCE(CASE WHEN i.global_discount_type = '%' THEN (i.total_amount * i.global_discount_val / 100) ELSE i.global_discount_val END, 0) + COALESCE(i.tax_amount, 0)), 
                                         (i.total_amount - COALESCE(CASE WHEN i.global_discount_type = '%' THEN (i.total_amount * i.global_discount_val / 100) ELSE i.global_discount_val END, 0) + COALESCE(i.tax_amount, 0))
                                     )
                                 ) as total_revenue,
                                 SUM(COALESCE(ii.quantity, 0) * COALESCE(ii.cost_at_sale, 0)) as total_cost,
                                 SUM(
                                     COALESCE(
                                         (ii.total / NULLIF((SELECT SUM(total) FROM invoice_items WHERE invoice_id = i.id), 0)) 
                                         * (i.total_amount - COALESCE(CASE WHEN i.global_discount_type = '%' THEN (i.total_amount * i.global_discount_val / 100) ELSE i.global_discount_val END, 0)), 
                                         (i.total_amount - COALESCE(CASE WHEN i.global_discount_type = '%' THEN (i.total_amount * i.global_discount_val / 100) ELSE i.global_discount_val END, 0))
                                     )
                                     - (COALESCE(ii.quantity, 0) * COALESCE(ii.cost_at_sale, 0))
                                 ) as gross_profit,
                                 ii.item_id, it.category_id, it.brand
                           FROM invoices i
                           LEFT JOIN invoice_items ii ON ii.invoice_id = i.id
                           JOIN customers c ON i.customer_id = c.id
                           LEFT JOIN items it ON ii.item_id = it.id
                           WHERE i.status != 'Voided'  AND i.invoice_date >= :start_date AND i.invoice_date <= :end_date AND c.id IN (SELECT DISTINCT customer_id FROM invoices WHERE created_by = :rep)
                           GROUP BY ii.description, ii.item_id, it.category_id, it.brand
Params: Array
(
    [:start_date] => 2026-08-01 00:00:00
    [:end_date] => 2026-08-31 23:59:59
    [:rep] => 137
)


2026-08-08 21:37:22 - Report: sales_by_customer
SQL: SELECT c.id, c.name as customer_name, c.phone, COUNT(i.id) as invoice_count,
                                 SUM(i.total_amount - COALESCE(CASE WHEN i.global_discount_type = '%' THEN (i.total_amount * i.global_discount_val / 100) ELSE i.global_discount_val END, 0) + COALESCE(i.tax_amount, 0)) as total_sales,
                                 COALESCE((SELECT SUM(amount) FROM customer_payments WHERE customer_id = c.id AND status = 'Active'), 0) as paid_amount,
                                 (COALESCE(c.opening_balance, 0) + 
                                  COALESCE((SELECT SUM(total_amount - COALESCE(CASE WHEN global_discount_type = '%' THEN (total_amount * global_discount_val / 100) ELSE global_discount_val END, 0) + COALESCE(tax_amount, 0)) FROM invoices WHERE customer_id = c.id AND status != 'Voided'), 0) - 
                                  COALESCE((SELECT SUM(amount) FROM customer_payments WHERE customer_id = c.id AND status = 'Active'), 0) - 
                                  COALESCE((SELECT SUM(total_amount) FROM credit_notes WHERE customer_id = c.id), 0)) as outstanding,
                                 i.customer_id, i.created_by, i.rep_route_id, c.territory, c.customer_type
                          FROM invoices i
                          JOIN customers c ON i.customer_id = c.id
                          WHERE i.status != 'Voided'  AND i.invoice_date >= :start_date AND i.invoice_date <= :end_date AND i.created_by = :rep
                          GROUP BY c.id, c.name, c.phone, c.territory, c.customer_type
Params: Array
(
    [:start_date] => 2026-08-01 00:00:00
    [:end_date] => 2026-08-31 23:59:59
    [:rep] => 138
)


2026-08-08 21:37:22 - Report: sales_by_item
SQL: SELECT COALESCE(ii.description, 'Uncategorized/No Item') as item_name, SUM(COALESCE(ii.quantity, 0)) as total_qty,
                                 SUM(
                                     COALESCE(
                                         (ii.total / NULLIF((SELECT SUM(total) FROM invoice_items WHERE invoice_id = i.id), 0)) 
                                         * (i.total_amount - COALESCE(CASE WHEN i.global_discount_type = '%' THEN (i.total_amount * i.global_discount_val / 100) ELSE i.global_discount_val END, 0) + COALESCE(i.tax_amount, 0)), 
                                         (i.total_amount - COALESCE(CASE WHEN i.global_discount_type = '%' THEN (i.total_amount * i.global_discount_val / 100) ELSE i.global_discount_val END, 0) + COALESCE(i.tax_amount, 0))
                                     )
                                 ) as total_revenue,
                                 SUM(COALESCE(ii.quantity, 0) * COALESCE(ii.cost_at_sale, 0)) as total_cost,
                                 SUM(
                                     COALESCE(
                                         (ii.total / NULLIF((SELECT SUM(total) FROM invoice_items WHERE invoice_id = i.id), 0)) 
                                         * (i.total_amount - COALESCE(CASE WHEN i.global_discount_type = '%' THEN (i.total_amount * i.global_discount_val / 100) ELSE i.global_discount_val END, 0)), 
                                         (i.total_amount - COALESCE(CASE WHEN i.global_discount_type = '%' THEN (i.total_amount * i.global_discount_val / 100) ELSE i.global_discount_val END, 0))
                                     )
                                     - (COALESCE(ii.quantity, 0) * COALESCE(ii.cost_at_sale, 0))
                                 ) as gross_profit,
                                 ii.item_id, it.category_id, it.brand
                           FROM invoices i
                           LEFT JOIN invoice_items ii ON ii.invoice_id = i.id
                           JOIN customers c ON i.customer_id = c.id
                           LEFT JOIN items it ON ii.item_id = it.id
                           WHERE i.status != 'Voided'  AND i.invoice_date >= :start_date AND i.invoice_date <= :end_date AND c.id IN (SELECT DISTINCT customer_id FROM invoices WHERE created_by = :rep)
                           GROUP BY ii.description, ii.item_id, it.category_id, it.brand
Params: Array
(
    [:start_date] => 2026-08-01 00:00:00
    [:end_date] => 2026-08-31 23:59:59
    [:rep] => 138
)


2026-08-08 21:37:22 - Report: sales_by_customer
SQL: SELECT c.id, c.name as customer_name, c.phone, COUNT(i.id) as invoice_count,
                                 SUM(i.total_amount - COALESCE(CASE WHEN i.global_discount_type = '%' THEN (i.total_amount * i.global_discount_val / 100) ELSE i.global_discount_val END, 0) + COALESCE(i.tax_amount, 0)) as total_sales,
                                 COALESCE((SELECT SUM(amount) FROM customer_payments WHERE customer_id = c.id AND status = 'Active'), 0) as paid_amount,
                                 (COALESCE(c.opening_balance, 0) + 
                                  COALESCE((SELECT SUM(total_amount - COALESCE(CASE WHEN global_discount_type = '%' THEN (total_amount * global_discount_val / 100) ELSE global_discount_val END, 0) + COALESCE(tax_amount, 0)) FROM invoices WHERE customer_id = c.id AND status != 'Voided'), 0) - 
                                  COALESCE((SELECT SUM(amount) FROM customer_payments WHERE customer_id = c.id AND status = 'Active'), 0) - 
                                  COALESCE((SELECT SUM(total_amount) FROM credit_notes WHERE customer_id = c.id), 0)) as outstanding,
                                 i.customer_id, i.created_by, i.rep_route_id, c.territory, c.customer_type
                          FROM invoices i
                          JOIN customers c ON i.customer_id = c.id
                          WHERE i.status != 'Voided'  AND i.invoice_date >= :start_date AND i.invoice_date <= :end_date AND i.created_by = :rep
                          GROUP BY c.id, c.name, c.phone, c.territory, c.customer_type
Params: Array
(
    [:start_date] => 2026-08-01 00:00:00
    [:end_date] => 2026-08-31 23:59:59
    [:rep] => 139
)


2026-08-08 21:37:22 - Report: sales_by_item
SQL: SELECT COALESCE(ii.description, 'Uncategorized/No Item') as item_name, SUM(COALESCE(ii.quantity, 0)) as total_qty,
                                 SUM(
                                     COALESCE(
                                         (ii.total / NULLIF((SELECT SUM(total) FROM invoice_items WHERE invoice_id = i.id), 0)) 
                                         * (i.total_amount - COALESCE(CASE WHEN i.global_discount_type = '%' THEN (i.total_amount * i.global_discount_val / 100) ELSE i.global_discount_val END, 0) + COALESCE(i.tax_amount, 0)), 
                                         (i.total_amount - COALESCE(CASE WHEN i.global_discount_type = '%' THEN (i.total_amount * i.global_discount_val / 100) ELSE i.global_discount_val END, 0) + COALESCE(i.tax_amount, 0))
                                     )
                                 ) as total_revenue,
                                 SUM(COALESCE(ii.quantity, 0) * COALESCE(ii.cost_at_sale, 0)) as total_cost,
                                 SUM(
                                     COALESCE(
                                         (ii.total / NULLIF((SELECT SUM(total) FROM invoice_items WHERE invoice_id = i.id), 0)) 
                                         * (i.total_amount - COALESCE(CASE WHEN i.global_discount_type = '%' THEN (i.total_amount * i.global_discount_val / 100) ELSE i.global_discount_val END, 0)), 
                                         (i.total_amount - COALESCE(CASE WHEN i.global_discount_type = '%' THEN (i.total_amount * i.global_discount_val / 100) ELSE i.global_discount_val END, 0))
                                     )
                                     - (COALESCE(ii.quantity, 0) * COALESCE(ii.cost_at_sale, 0))
                                 ) as gross_profit,
                                 ii.item_id, it.category_id, it.brand
                           FROM invoices i
                           LEFT JOIN invoice_items ii ON ii.invoice_id = i.id
                           JOIN customers c ON i.customer_id = c.id
                           LEFT JOIN items it ON ii.item_id = it.id
                           WHERE i.status != 'Voided'  AND i.invoice_date >= :start_date AND i.invoice_date <= :end_date AND c.id IN (SELECT DISTINCT customer_id FROM invoices WHERE created_by = :rep)
                           GROUP BY ii.description, ii.item_id, it.category_id, it.brand
Params: Array
(
    [:start_date] => 2026-08-01 00:00:00
    [:end_date] => 2026-08-31 23:59:59
    [:rep] => 139
)


2026-08-08 21:37:22 - Report: sales_by_customer
SQL: SELECT c.id, c.name as customer_name, c.phone, COUNT(i.id) as invoice_count,
                                 SUM(i.total_amount - COALESCE(CASE WHEN i.global_discount_type = '%' THEN (i.total_amount * i.global_discount_val / 100) ELSE i.global_discount_val END, 0) + COALESCE(i.tax_amount, 0)) as total_sales,
                                 COALESCE((SELECT SUM(amount) FROM customer_payments WHERE customer_id = c.id AND status = 'Active'), 0) as paid_amount,
                                 (COALESCE(c.opening_balance, 0) + 
                                  COALESCE((SELECT SUM(total_amount - COALESCE(CASE WHEN global_discount_type = '%' THEN (total_amount * global_discount_val / 100) ELSE global_discount_val END, 0) + COALESCE(tax_amount, 0)) FROM invoices WHERE customer_id = c.id AND status != 'Voided'), 0) - 
                                  COALESCE((SELECT SUM(amount) FROM customer_payments WHERE customer_id = c.id AND status = 'Active'), 0) - 
                                  COALESCE((SELECT SUM(total_amount) FROM credit_notes WHERE customer_id = c.id), 0)) as outstanding,
                                 i.customer_id, i.created_by, i.rep_route_id, c.territory, c.customer_type
                          FROM invoices i
                          JOIN customers c ON i.customer_id = c.id
                          WHERE i.status != 'Voided'  AND i.invoice_date >= :start_date AND i.invoice_date <= :end_date AND i.created_by = :rep
                          GROUP BY c.id, c.name, c.phone, c.territory, c.customer_type
Params: Array
(
    [:start_date] => 2026-08-01 00:00:00
    [:end_date] => 2026-08-31 23:59:59
    [:rep] => 141
)


2026-08-08 21:37:22 - Report: sales_by_item
SQL: SELECT COALESCE(ii.description, 'Uncategorized/No Item') as item_name, SUM(COALESCE(ii.quantity, 0)) as total_qty,
                                 SUM(
                                     COALESCE(
                                         (ii.total / NULLIF((SELECT SUM(total) FROM invoice_items WHERE invoice_id = i.id), 0)) 
                                         * (i.total_amount - COALESCE(CASE WHEN i.global_discount_type = '%' THEN (i.total_amount * i.global_discount_val / 100) ELSE i.global_discount_val END, 0) + COALESCE(i.tax_amount, 0)), 
                                         (i.total_amount - COALESCE(CASE WHEN i.global_discount_type = '%' THEN (i.total_amount * i.global_discount_val / 100) ELSE i.global_discount_val END, 0) + COALESCE(i.tax_amount, 0))
                                     )
                                 ) as total_revenue,
                                 SUM(COALESCE(ii.quantity, 0) * COALESCE(ii.cost_at_sale, 0)) as total_cost,
                                 SUM(
                                     COALESCE(
                                         (ii.total / NULLIF((SELECT SUM(total) FROM invoice_items WHERE invoice_id = i.id), 0)) 
                                         * (i.total_amount - COALESCE(CASE WHEN i.global_discount_type = '%' THEN (i.total_amount * i.global_discount_val / 100) ELSE i.global_discount_val END, 0)), 
                                         (i.total_amount - COALESCE(CASE WHEN i.global_discount_type = '%' THEN (i.total_amount * i.global_discount_val / 100) ELSE i.global_discount_val END, 0))
                                     )
                                     - (COALESCE(ii.quantity, 0) * COALESCE(ii.cost_at_sale, 0))
                                 ) as gross_profit,
                                 ii.item_id, it.category_id, it.brand
                           FROM invoices i
                           LEFT JOIN invoice_items ii ON ii.invoice_id = i.id
                           JOIN customers c ON i.customer_id = c.id
                           LEFT JOIN items it ON ii.item_id = it.id
                           WHERE i.status != 'Voided'  AND i.invoice_date >= :start_date AND i.invoice_date <= :end_date AND c.id IN (SELECT DISTINCT customer_id FROM invoices WHERE created_by = :rep)
                           GROUP BY ii.description, ii.item_id, it.category_id, it.brand
Params: Array
(
    [:start_date] => 2026-08-01 00:00:00
    [:end_date] => 2026-08-31 23:59:59
    [:rep] => 141
)


2026-08-08 21:37:22 - Report: sales_by_customer
SQL: SELECT c.id, c.name as customer_name, c.phone, COUNT(i.id) as invoice_count,
                                 SUM(i.total_amount - COALESCE(CASE WHEN i.global_discount_type = '%' THEN (i.total_amount * i.global_discount_val / 100) ELSE i.global_discount_val END, 0) + COALESCE(i.tax_amount, 0)) as total_sales,
                                 COALESCE((SELECT SUM(amount) FROM customer_payments WHERE customer_id = c.id AND status = 'Active'), 0) as paid_amount,
                                 (COALESCE(c.opening_balance, 0) + 
                                  COALESCE((SELECT SUM(total_amount - COALESCE(CASE WHEN global_discount_type = '%' THEN (total_amount * global_discount_val / 100) ELSE global_discount_val END, 0) + COALESCE(tax_amount, 0)) FROM invoices WHERE customer_id = c.id AND status != 'Voided'), 0) - 
                                  COALESCE((SELECT SUM(amount) FROM customer_payments WHERE customer_id = c.id AND status = 'Active'), 0) - 
                                  COALESCE((SELECT SUM(total_amount) FROM credit_notes WHERE customer_id = c.id), 0)) as outstanding,
                                 i.customer_id, i.created_by, i.rep_route_id, c.territory, c.customer_type
                          FROM invoices i
                          JOIN customers c ON i.customer_id = c.id
                          WHERE i.status != 'Voided'  AND i.invoice_date >= :start_date AND i.invoice_date <= :end_date AND i.created_by = :rep
                          GROUP BY c.id, c.name, c.phone, c.territory, c.customer_type
Params: Array
(
    [:start_date] => 2026-08-01 00:00:00
    [:end_date] => 2026-08-31 23:59:59
    [:rep] => 142
)


2026-08-08 21:37:22 - Report: sales_by_item
SQL: SELECT COALESCE(ii.description, 'Uncategorized/No Item') as item_name, SUM(COALESCE(ii.quantity, 0)) as total_qty,
                                 SUM(
                                     COALESCE(
                                         (ii.total / NULLIF((SELECT SUM(total) FROM invoice_items WHERE invoice_id = i.id), 0)) 
                                         * (i.total_amount - COALESCE(CASE WHEN i.global_discount_type = '%' THEN (i.total_amount * i.global_discount_val / 100) ELSE i.global_discount_val END, 0) + COALESCE(i.tax_amount, 0)), 
                                         (i.total_amount - COALESCE(CASE WHEN i.global_discount_type = '%' THEN (i.total_amount * i.global_discount_val / 100) ELSE i.global_discount_val END, 0) + COALESCE(i.tax_amount, 0))
                                     )
                                 ) as total_revenue,
                                 SUM(COALESCE(ii.quantity, 0) * COALESCE(ii.cost_at_sale, 0)) as total_cost,
                                 SUM(
                                     COALESCE(
                                         (ii.total / NULLIF((SELECT SUM(total) FROM invoice_items WHERE invoice_id = i.id), 0)) 
                                         * (i.total_amount - COALESCE(CASE WHEN i.global_discount_type = '%' THEN (i.total_amount * i.global_discount_val / 100) ELSE i.global_discount_val END, 0)), 
                                         (i.total_amount - COALESCE(CASE WHEN i.global_discount_type = '%' THEN (i.total_amount * i.global_discount_val / 100) ELSE i.global_discount_val END, 0))
                                     )
                                     - (COALESCE(ii.quantity, 0) * COALESCE(ii.cost_at_sale, 0))
                                 ) as gross_profit,
                                 ii.item_id, it.category_id, it.brand
                           FROM invoices i
                           LEFT JOIN invoice_items ii ON ii.invoice_id = i.id
                           JOIN customers c ON i.customer_id = c.id
                           LEFT JOIN items it ON ii.item_id = it.id
                           WHERE i.status != 'Voided'  AND i.invoice_date >= :start_date AND i.invoice_date <= :end_date AND c.id IN (SELECT DISTINCT customer_id FROM invoices WHERE created_by = :rep)
                           GROUP BY ii.description, ii.item_id, it.category_id, it.brand
Params: Array
(
    [:start_date] => 2026-08-01 00:00:00
    [:end_date] => 2026-08-31 23:59:59
    [:rep] => 142
)


2026-08-08 21:37:22 - Report: sales_by_customer
SQL: SELECT c.id, c.name as customer_name, c.phone, COUNT(i.id) as invoice_count,
                                 SUM(i.total_amount - COALESCE(CASE WHEN i.global_discount_type = '%' THEN (i.total_amount * i.global_discount_val / 100) ELSE i.global_discount_val END, 0) + COALESCE(i.tax_amount, 0)) as total_sales,
                                 COALESCE((SELECT SUM(amount) FROM customer_payments WHERE customer_id = c.id AND status = 'Active'), 0) as paid_amount,
                                 (COALESCE(c.opening_balance, 0) + 
                                  COALESCE((SELECT SUM(total_amount - COALESCE(CASE WHEN global_discount_type = '%' THEN (total_amount * global_discount_val / 100) ELSE global_discount_val END, 0) + COALESCE(tax_amount, 0)) FROM invoices WHERE customer_id = c.id AND status != 'Voided'), 0) - 
                                  COALESCE((SELECT SUM(amount) FROM customer_payments WHERE customer_id = c.id AND status = 'Active'), 0) - 
                                  COALESCE((SELECT SUM(total_amount) FROM credit_notes WHERE customer_id = c.id), 0)) as outstanding,
                                 i.customer_id, i.created_by, i.rep_route_id, c.territory, c.customer_type
                          FROM invoices i
                          JOIN customers c ON i.customer_id = c.id
                          WHERE i.status != 'Voided'  AND i.invoice_date >= :start_date AND i.invoice_date <= :end_date AND i.created_by = :rep
                          GROUP BY c.id, c.name, c.phone, c.territory, c.customer_type
Params: Array
(
    [:start_date] => 2026-08-01 00:00:00
    [:end_date] => 2026-08-31 23:59:59
    [:rep] => 143
)


2026-08-08 21:37:22 - Report: sales_by_item
SQL: SELECT COALESCE(ii.description, 'Uncategorized/No Item') as item_name, SUM(COALESCE(ii.quantity, 0)) as total_qty,
                                 SUM(
                                     COALESCE(
                                         (ii.total / NULLIF((SELECT SUM(total) FROM invoice_items WHERE invoice_id = i.id), 0)) 
                                         * (i.total_amount - COALESCE(CASE WHEN i.global_discount_type = '%' THEN (i.total_amount * i.global_discount_val / 100) ELSE i.global_discount_val END, 0) + COALESCE(i.tax_amount, 0)), 
                                         (i.total_amount - COALESCE(CASE WHEN i.global_discount_type = '%' THEN (i.total_amount * i.global_discount_val / 100) ELSE i.global_discount_val END, 0) + COALESCE(i.tax_amount, 0))
                                     )
                                 ) as total_revenue,
                                 SUM(COALESCE(ii.quantity, 0) * COALESCE(ii.cost_at_sale, 0)) as total_cost,
                                 SUM(
                                     COALESCE(
                                         (ii.total / NULLIF((SELECT SUM(total) FROM invoice_items WHERE invoice_id = i.id), 0)) 
                                         * (i.total_amount - COALESCE(CASE WHEN i.global_discount_type = '%' THEN (i.total_amount * i.global_discount_val / 100) ELSE i.global_discount_val END, 0)), 
                                         (i.total_amount - COALESCE(CASE WHEN i.global_discount_type = '%' THEN (i.total_amount * i.global_discount_val / 100) ELSE i.global_discount_val END, 0))
                                     )
                                     - (COALESCE(ii.quantity, 0) * COALESCE(ii.cost_at_sale, 0))
                                 ) as gross_profit,
                                 ii.item_id, it.category_id, it.brand
                           FROM invoices i
                           LEFT JOIN invoice_items ii ON ii.invoice_id = i.id
                           JOIN customers c ON i.customer_id = c.id
                           LEFT JOIN items it ON ii.item_id = it.id
                           WHERE i.status != 'Voided'  AND i.invoice_date >= :start_date AND i.invoice_date <= :end_date AND c.id IN (SELECT DISTINCT customer_id FROM invoices WHERE created_by = :rep)
                           GROUP BY ii.description, ii.item_id, it.category_id, it.brand
Params: Array
(
    [:start_date] => 2026-08-01 00:00:00
    [:end_date] => 2026-08-31 23:59:59
    [:rep] => 143
)


2026-08-08 21:37:22 - Report: sales_by_customer
SQL: SELECT c.id, c.name as customer_name, c.phone, COUNT(i.id) as invoice_count,
                                 SUM(i.total_amount - COALESCE(CASE WHEN i.global_discount_type = '%' THEN (i.total_amount * i.global_discount_val / 100) ELSE i.global_discount_val END, 0) + COALESCE(i.tax_amount, 0)) as total_sales,
                                 COALESCE((SELECT SUM(amount) FROM customer_payments WHERE customer_id = c.id AND status = 'Active'), 0) as paid_amount,
                                 (COALESCE(c.opening_balance, 0) + 
                                  COALESCE((SELECT SUM(total_amount - COALESCE(CASE WHEN global_discount_type = '%' THEN (total_amount * global_discount_val / 100) ELSE global_discount_val END, 0) + COALESCE(tax_amount, 0)) FROM invoices WHERE customer_id = c.id AND status != 'Voided'), 0) - 
                                  COALESCE((SELECT SUM(amount) FROM customer_payments WHERE customer_id = c.id AND status = 'Active'), 0) - 
                                  COALESCE((SELECT SUM(total_amount) FROM credit_notes WHERE customer_id = c.id), 0)) as outstanding,
                                 i.customer_id, i.created_by, i.rep_route_id, c.territory, c.customer_type
                          FROM invoices i
                          JOIN customers c ON i.customer_id = c.id
                          WHERE i.status != 'Voided'  AND i.invoice_date >= :start_date AND i.invoice_date <= :end_date AND i.created_by = :rep
                          GROUP BY c.id, c.name, c.phone, c.territory, c.customer_type
Params: Array
(
    [:start_date] => 2026-08-01 00:00:00
    [:end_date] => 2026-08-31 23:59:59
    [:rep] => 144
)


2026-08-08 21:37:22 - Report: sales_by_item
SQL: SELECT COALESCE(ii.description, 'Uncategorized/No Item') as item_name, SUM(COALESCE(ii.quantity, 0)) as total_qty,
                                 SUM(
                                     COALESCE(
                                         (ii.total / NULLIF((SELECT SUM(total) FROM invoice_items WHERE invoice_id = i.id), 0)) 
                                         * (i.total_amount - COALESCE(CASE WHEN i.global_discount_type = '%' THEN (i.total_amount * i.global_discount_val / 100) ELSE i.global_discount_val END, 0) + COALESCE(i.tax_amount, 0)), 
                                         (i.total_amount - COALESCE(CASE WHEN i.global_discount_type = '%' THEN (i.total_amount * i.global_discount_val / 100) ELSE i.global_discount_val END, 0) + COALESCE(i.tax_amount, 0))
                                     )
                                 ) as total_revenue,
                                 SUM(COALESCE(ii.quantity, 0) * COALESCE(ii.cost_at_sale, 0)) as total_cost,
                                 SUM(
                                     COALESCE(
                                         (ii.total / NULLIF((SELECT SUM(total) FROM invoice_items WHERE invoice_id = i.id), 0)) 
                                         * (i.total_amount - COALESCE(CASE WHEN i.global_discount_type = '%' THEN (i.total_amount * i.global_discount_val / 100) ELSE i.global_discount_val END, 0)), 
                                         (i.total_amount - COALESCE(CASE WHEN i.global_discount_type = '%' THEN (i.total_amount * i.global_discount_val / 100) ELSE i.global_discount_val END, 0))
                                     )
                                     - (COALESCE(ii.quantity, 0) * COALESCE(ii.cost_at_sale, 0))
                                 ) as gross_profit,
                                 ii.item_id, it.category_id, it.brand
                           FROM invoices i
                           LEFT JOIN invoice_items ii ON ii.invoice_id = i.id
                           JOIN customers c ON i.customer_id = c.id
                           LEFT JOIN items it ON ii.item_id = it.id
                           WHERE i.status != 'Voided'  AND i.invoice_date >= :start_date AND i.invoice_date <= :end_date AND c.id IN (SELECT DISTINCT customer_id FROM invoices WHERE created_by = :rep)
                           GROUP BY ii.description, ii.item_id, it.category_id, it.brand
Params: Array
(
    [:start_date] => 2026-08-01 00:00:00
    [:end_date] => 2026-08-31 23:59:59
    [:rep] => 144
)


2026-08-08 21:37:22 - Report: sales_by_customer
SQL: SELECT c.id, c.name as customer_name, c.phone, COUNT(i.id) as invoice_count,
                                 SUM(i.total_amount - COALESCE(CASE WHEN i.global_discount_type = '%' THEN (i.total_amount * i.global_discount_val / 100) ELSE i.global_discount_val END, 0) + COALESCE(i.tax_amount, 0)) as total_sales,
                                 COALESCE((SELECT SUM(amount) FROM customer_payments WHERE customer_id = c.id AND status = 'Active'), 0) as paid_amount,
                                 (COALESCE(c.opening_balance, 0) + 
                                  COALESCE((SELECT SUM(total_amount - COALESCE(CASE WHEN global_discount_type = '%' THEN (total_amount * global_discount_val / 100) ELSE global_discount_val END, 0) + COALESCE(tax_amount, 0)) FROM invoices WHERE customer_id = c.id AND status != 'Voided'), 0) - 
                                  COALESCE((SELECT SUM(amount) FROM customer_payments WHERE customer_id = c.id AND status = 'Active'), 0) - 
                                  COALESCE((SELECT SUM(total_amount) FROM credit_notes WHERE customer_id = c.id), 0)) as outstanding,
                                 i.customer_id, i.created_by, i.rep_route_id, c.territory, c.customer_type
                          FROM invoices i
                          JOIN customers c ON i.customer_id = c.id
                          WHERE i.status != 'Voided'  AND i.invoice_date >= :start_date AND i.invoice_date <= :end_date AND i.created_by = :rep
                          GROUP BY c.id, c.name, c.phone, c.territory, c.customer_type
Params: Array
(
    [:start_date] => 2026-08-01 00:00:00
    [:end_date] => 2026-08-31 23:59:59
    [:rep] => 145
)


2026-08-08 21:37:22 - Report: sales_by_item
SQL: SELECT COALESCE(ii.description, 'Uncategorized/No Item') as item_name, SUM(COALESCE(ii.quantity, 0)) as total_qty,
                                 SUM(
                                     COALESCE(
                                         (ii.total / NULLIF((SELECT SUM(total) FROM invoice_items WHERE invoice_id = i.id), 0)) 
                                         * (i.total_amount - COALESCE(CASE WHEN i.global_discount_type = '%' THEN (i.total_amount * i.global_discount_val / 100) ELSE i.global_discount_val END, 0) + COALESCE(i.tax_amount, 0)), 
                                         (i.total_amount - COALESCE(CASE WHEN i.global_discount_type = '%' THEN (i.total_amount * i.global_discount_val / 100) ELSE i.global_discount_val END, 0) + COALESCE(i.tax_amount, 0))
                                     )
                                 ) as total_revenue,
                                 SUM(COALESCE(ii.quantity, 0) * COALESCE(ii.cost_at_sale, 0)) as total_cost,
                                 SUM(
                                     COALESCE(
                                         (ii.total / NULLIF((SELECT SUM(total) FROM invoice_items WHERE invoice_id = i.id), 0)) 
                                         * (i.total_amount - COALESCE(CASE WHEN i.global_discount_type = '%' THEN (i.total_amount * i.global_discount_val / 100) ELSE i.global_discount_val END, 0)), 
                                         (i.total_amount - COALESCE(CASE WHEN i.global_discount_type = '%' THEN (i.total_amount * i.global_discount_val / 100) ELSE i.global_discount_val END, 0))
                                     )
                                     - (COALESCE(ii.quantity, 0) * COALESCE(ii.cost_at_sale, 0))
                                 ) as gross_profit,
                                 ii.item_id, it.category_id, it.brand
                           FROM invoices i
                           LEFT JOIN invoice_items ii ON ii.invoice_id = i.id
                           JOIN customers c ON i.customer_id = c.id
                           LEFT JOIN items it ON ii.item_id = it.id
                           WHERE i.status != 'Voided'  AND i.invoice_date >= :start_date AND i.invoice_date <= :end_date AND c.id IN (SELECT DISTINCT customer_id FROM invoices WHERE created_by = :rep)
                           GROUP BY ii.description, ii.item_id, it.category_id, it.brand
Params: Array
(
    [:start_date] => 2026-08-01 00:00:00
    [:end_date] => 2026-08-31 23:59:59
    [:rep] => 145
)


2026-08-08 21:37:22 - Report: sales_by_customer
SQL: SELECT c.id, c.name as customer_name, c.phone, COUNT(i.id) as invoice_count,
                                 SUM(i.total_amount - COALESCE(CASE WHEN i.global_discount_type = '%' THEN (i.total_amount * i.global_discount_val / 100) ELSE i.global_discount_val END, 0) + COALESCE(i.tax_amount, 0)) as total_sales,
                                 COALESCE((SELECT SUM(amount) FROM customer_payments WHERE customer_id = c.id AND status = 'Active'), 0) as paid_amount,
                                 (COALESCE(c.opening_balance, 0) + 
                                  COALESCE((SELECT SUM(total_amount - COALESCE(CASE WHEN global_discount_type = '%' THEN (total_amount * global_discount_val / 100) ELSE global_discount_val END, 0) + COALESCE(tax_amount, 0)) FROM invoices WHERE customer_id = c.id AND status != 'Voided'), 0) - 
                                  COALESCE((SELECT SUM(amount) FROM customer_payments WHERE customer_id = c.id AND status = 'Active'), 0) - 
                                  COALESCE((SELECT SUM(total_amount) FROM credit_notes WHERE customer_id = c.id), 0)) as outstanding,
                                 i.customer_id, i.created_by, i.rep_route_id, c.territory, c.customer_type
                          FROM invoices i
                          JOIN customers c ON i.customer_id = c.id
                          WHERE i.status != 'Voided'  AND i.invoice_date >= :start_date AND i.invoice_date <= :end_date AND i.created_by = :rep
                          GROUP BY c.id, c.name, c.phone, c.territory, c.customer_type
Params: Array
(
    [:start_date] => 2026-08-01 00:00:00
    [:end_date] => 2026-08-31 23:59:59
    [:rep] => 146
)


2026-08-08 21:37:22 - Report: sales_by_item
SQL: SELECT COALESCE(ii.description, 'Uncategorized/No Item') as item_name, SUM(COALESCE(ii.quantity, 0)) as total_qty,
                                 SUM(
                                     COALESCE(
                                         (ii.total / NULLIF((SELECT SUM(total) FROM invoice_items WHERE invoice_id = i.id), 0)) 
                                         * (i.total_amount - COALESCE(CASE WHEN i.global_discount_type = '%' THEN (i.total_amount * i.global_discount_val / 100) ELSE i.global_discount_val END, 0) + COALESCE(i.tax_amount, 0)), 
                                         (i.total_amount - COALESCE(CASE WHEN i.global_discount_type = '%' THEN (i.total_amount * i.global_discount_val / 100) ELSE i.global_discount_val END, 0) + COALESCE(i.tax_amount, 0))
                                     )
                                 ) as total_revenue,
                                 SUM(COALESCE(ii.quantity, 0) * COALESCE(ii.cost_at_sale, 0)) as total_cost,
                                 SUM(
                                     COALESCE(
                                         (ii.total / NULLIF((SELECT SUM(total) FROM invoice_items WHERE invoice_id = i.id), 0)) 
                                         * (i.total_amount - COALESCE(CASE WHEN i.global_discount_type = '%' THEN (i.total_amount * i.global_discount_val / 100) ELSE i.global_discount_val END, 0)), 
                                         (i.total_amount - COALESCE(CASE WHEN i.global_discount_type = '%' THEN (i.total_amount * i.global_discount_val / 100) ELSE i.global_discount_val END, 0))
                                     )
                                     - (COALESCE(ii.quantity, 0) * COALESCE(ii.cost_at_sale, 0))
                                 ) as gross_profit,
                                 ii.item_id, it.category_id, it.brand
                           FROM invoices i
                           LEFT JOIN invoice_items ii ON ii.invoice_id = i.id
                           JOIN customers c ON i.customer_id = c.id
                           LEFT JOIN items it ON ii.item_id = it.id
                           WHERE i.status != 'Voided'  AND i.invoice_date >= :start_date AND i.invoice_date <= :end_date AND c.id IN (SELECT DISTINCT customer_id FROM invoices WHERE created_by = :rep)
                           GROUP BY ii.description, ii.item_id, it.category_id, it.brand
Params: Array
(
    [:start_date] => 2026-08-01 00:00:00
    [:end_date] => 2026-08-31 23:59:59
    [:rep] => 146
)


2026-08-08 21:37:40 - Report: sales_by_customer
SQL: SELECT c.id, c.name as customer_name, c.phone, COUNT(i.id) as invoice_count,
                                 SUM(i.total_amount - COALESCE(CASE WHEN i.global_discount_type = '%' THEN (i.total_amount * i.global_discount_val / 100) ELSE i.global_discount_val END, 0) + COALESCE(i.tax_amount, 0)) as total_sales,
                                 COALESCE((SELECT SUM(amount) FROM customer_payments WHERE customer_id = c.id AND status = 'Active'), 0) as paid_amount,
                                 (COALESCE(c.opening_balance, 0) + 
                                  COALESCE((SELECT SUM(total_amount - COALESCE(CASE WHEN global_discount_type = '%' THEN (total_amount * global_discount_val / 100) ELSE global_discount_val END, 0) + COALESCE(tax_amount, 0)) FROM invoices WHERE customer_id = c.id AND status != 'Voided'), 0) - 
                                  COALESCE((SELECT SUM(amount) FROM customer_payments WHERE customer_id = c.id AND status = 'Active'), 0) - 
                                  COALESCE((SELECT SUM(total_amount) FROM credit_notes WHERE customer_id = c.id), 0)) as outstanding,
                                 i.customer_id, i.created_by, i.rep_route_id, c.territory, c.customer_type
                          FROM invoices i
                          JOIN customers c ON i.customer_id = c.id
                          WHERE i.status != 'Voided'  AND i.invoice_date >= :start_date AND i.invoice_date <= :end_date
                          GROUP BY c.id, c.name, c.phone, c.territory, c.customer_type
Params: Array
(
    [:start_date] => 2026-08-01 00:00:00
    [:end_date] => 2026-08-31 23:59:59
)


2026-08-08 21:37:40 - Report: sales_by_item
SQL: SELECT COALESCE(ii.description, 'Uncategorized/No Item') as item_name, SUM(COALESCE(ii.quantity, 0)) as total_qty,
                                 SUM(
                                     COALESCE(
                                         (ii.total / NULLIF((SELECT SUM(total) FROM invoice_items WHERE invoice_id = i.id), 0)) 
                                         * (i.total_amount - COALESCE(CASE WHEN i.global_discount_type = '%' THEN (i.total_amount * i.global_discount_val / 100) ELSE i.global_discount_val END, 0) + COALESCE(i.tax_amount, 0)), 
                                         (i.total_amount - COALESCE(CASE WHEN i.global_discount_type = '%' THEN (i.total_amount * i.global_discount_val / 100) ELSE i.global_discount_val END, 0) + COALESCE(i.tax_amount, 0))
                                     )
                                 ) as total_revenue,
                                 SUM(COALESCE(ii.quantity, 0) * COALESCE(ii.cost_at_sale, 0)) as total_cost,
                                 SUM(
                                     COALESCE(
                                         (ii.total / NULLIF((SELECT SUM(total) FROM invoice_items WHERE invoice_id = i.id), 0)) 
                                         * (i.total_amount - COALESCE(CASE WHEN i.global_discount_type = '%' THEN (i.total_amount * i.global_discount_val / 100) ELSE i.global_discount_val END, 0)), 
                                         (i.total_amount - COALESCE(CASE WHEN i.global_discount_type = '%' THEN (i.total_amount * i.global_discount_val / 100) ELSE i.global_discount_val END, 0))
                                     )
                                     - (COALESCE(ii.quantity, 0) * COALESCE(ii.cost_at_sale, 0))
                                 ) as gross_profit,
                                 ii.item_id, it.category_id, it.brand
                           FROM invoices i
                           LEFT JOIN invoice_items ii ON ii.invoice_id = i.id
                           JOIN customers c ON i.customer_id = c.id
                           LEFT JOIN items it ON ii.item_id = it.id
                           WHERE i.status != 'Voided'  AND i.invoice_date >= :start_date AND i.invoice_date <= :end_date
                           GROUP BY ii.description, ii.item_id, it.category_id, it.brand
Params: Array
(
    [:start_date] => 2026-08-01 00:00:00
    [:end_date] => 2026-08-31 23:59:59
)


